index,time,exe_time,planning
1,0.001445770263671875,0.001424551010131836,gp
2,0.013306140899658203,0.0025184154510498047,gp
3,0.02269768714904785,0.0025682449340820312,gp
4,0.034049034118652344,0.0030546188354492188,gp
5,0.04330611228942871,0.003155946731567383,gp
6,0.052887916564941406,0.002747774124145508,gp
7,0.06279349327087402,0.002657651901245117,gp
8,0.07272887229919434,0.0025975704193115234,gp
9,0.08594822883605957,0.0026857852935791016,gp
10,0.09247446060180664,0.0023124217987060547,gp
11,0.10146927833557129,0.0013432502746582031,gp
12,0.11153101921081543,0.0014185905456542969,gp
13,0.12805724143981934,0.00481414794921875,gp
14,0.1364598274230957,0.003362417221069336,gp
15,0.14159011840820312,0.001461029052734375,gp
16,0.15198707580566406,0.0018529891967773438,gp
17,0.16139864921569824,0.0012843608856201172,gp
18,0.17972970008850098,0.0030126571655273438,gp
19,0.1846940517425537,0.0031282901763916016,gp
20,0.19344758987426758,0.002701282501220703,gp
21,0.20303821563720703,0.0026121139526367188,gp
23,0.22650575637817383,0.0038137435913085938,gp
24,0.23308062553405762,0.0027747154235839844,gp
25,0.2427825927734375,0.0026311874389648438,gp
26,0.2536580562591553,0.0027031898498535156,gp
27,0.2676241397857666,0.002610921859741211,gp
28,0.2730588912963867,0.0027441978454589844,gp
29,0.2826497554779053,0.0025196075439453125,gp
30,0.2928438186645508,0.0027074813842773438,gp
31,0.3037838935852051,0.0015020370483398438,gp
32,0.3115193843841553,0.0013928413391113281,gp
33,0.32152652740478516,0.001413583755493164,gp
34,0.33172154426574707,0.001589059829711914,gp
35,0.34156250953674316,0.0014338493347167969,gp
36,0.3529801368713379,0.0028083324432373047,gp
37,0.36277294158935547,0.0026307106018066406,gp
38,0.37281274795532227,0.002680540084838867,gp
39,0.3861730098724365,0.0026786327362060547,gp
40,0.39187002182006836,0.001739501953125,gp
41,0.40299558639526367,0.002873659133911133,gp
42,0.4130270481109619,0.0027358531951904297,gp
43,0.426868200302124,0.003296375274658203,gp
44,0.4328348636627197,0.0025823116302490234,gp
45,0.4418613910675049,0.0017452239990234375,gp
46,0.45201635360717773,0.0018503665924072266,gp
47,0.46152615547180176,0.001405954360961914,gp
48,0.4751579761505127,0.0037543773651123047,gp
49,0.48300909996032715,0.002762317657470703,gp
50,0.4929037094116211,0.002754688262939453,gp
51,0.5028133392333984,0.002657175064086914,gp
52,0.5182092189788818,0.0020456314086914062,gp
53,0.5239768028259277,0.002856016159057617,gp
54,0.5328938961029053,0.002717733383178711,gp
55,0.5427823066711426,0.002608776092529297,gp
56,0.5585622787475586,0.006464481353759766,gp
57,0.5658550262451172,0.00434112548828125,gp
58,0.5724997520446777,0.0023469924926757812,gp
59,0.5816872119903564,0.0015377998352050781,gp
60,0.593245267868042,0.0028777122497558594,gp
62,0.6151678562164307,0.0030989646911621094,gp
63,0.6237199306488037,0.002917766571044922,gp
64,0.6319751739501953,0.0017845630645751953,gp
65,0.6462643146514893,0.005702018737792969,gp
66,0.6579406261444092,0.004468679428100586,gp
67,0.6617860794067383,0.0016481876373291016,gp
68,0.6722970008850098,0.0021598339080810547,gp
69,0.6815929412841797,0.0014684200286865234,gp
70,0.6963005065917969,0.005208253860473633,gp
71,0.7028961181640625,0.002742767333984375,gp
72,0.7136125564575195,0.003088235855102539,gp
73,0.7227721214294434,0.0026464462280273438,gp
75,0.7439560890197754,0.002961397171020508,gp
76,0.7524690628051758,0.0023250579833984375,gp
77,0.7615551948547363,0.0014247894287109375,gp
78,0.7732627391815186,0.002357959747314453,gp
79,0.7821757793426514,0.001760244369506836,gp
80,0.7920958995819092,0.0019390583038330078,gp
81,0.8015623092651367,0.001445770263671875,gp
82,0.8175084590911865,0.005038738250732422,gp
83,0.8233728408813477,0.0029103755950927734,gp
84,0.8319382667541504,0.0016751289367675781,gp
85,0.8416228294372559,0.0014805793762207031,gp
86,0.8601078987121582,0.009363412857055664,gp
87,0.862128734588623,0.0015788078308105469,gp
88,0.8728556632995605,0.0025568008422851562,gp
89,0.8816602230072021,0.0015246868133544922,gp
90,0.898932695388794,0.00380706787109375,gp
91,0.9014225006103516,0.0013196468353271484,gp
92,0.9128768444061279,0.0027396678924560547,gp
93,0.9214508533477783,0.0013339519500732422,gp
94,0.9354615211486816,0.0033979415893554688,gp
95,0.9426186084747314,0.002136707305908203,gp
96,0.9520642757415771,0.0019328594207763672,gp
97,0.9616541862487793,0.0015316009521484375,gp
98,0.9721477031707764,0.002021312713623047,gp
99,0.9817290306091309,0.001583099365234375,gp
100,0.9924285411834717,0.002281665802001953,gp
101,1.001699686050415,0.0013356208801269531,gp
102,1.012061357498169,0.0019421577453613281,gp
103,1.0295894145965576,0.0027518272399902344,gp
104,1.0321907997131348,0.002042531967163086,gp
105,1.0417187213897705,0.0015811920166015625,gp
106,1.053114414215088,0.002984762191772461,gp
107,1.0640928745269775,0.002770662307739258,gp
108,1.0722682476043701,0.002118349075317383,gp
109,1.0815074443817139,0.0013811588287353516,gp
110,1.0929396152496338,0.002805948257446289,gp
111,1.1068394184112549,0.0036220550537109375,gp
112,1.1122174263000488,0.0020570755004882812,gp
113,1.1215038299560547,0.0013921260833740234,gp
114,1.1318767070770264,0.0017576217651367188,gp
115,1.1447887420654297,0.0014564990997314453,gp
116,1.1528172492980957,0.0026962757110595703,gp
117,1.1628775596618652,0.0027348995208740234,gp
118,1.1729204654693604,0.0027260780334472656,gp
119,1.1835508346557617,0.0031061172485351562,gp
120,1.1928331851959229,0.002685070037841797,gp
121,1.201700210571289,0.0015380382537841797,gp
122,1.2121100425720215,0.001964092254638672,gp
123,1.222391128540039,0.0018618106842041016,gp
124,1.232241153717041,0.0021169185638427734,gp
125,1.241549015045166,0.0014209747314453125,gp
126,1.2521002292633057,0.0019643306732177734,gp
127,1.2653279304504395,0.003055095672607422,gp
128,1.2737550735473633,0.003624439239501953,gp
129,1.2818188667297363,0.0017044544219970703,gp
130,1.2928400039672852,0.002704620361328125,gp
131,1.3082845211029053,0.008126020431518555,gp
132,1.3177602291107178,0.0044367313385009766,gp
133,1.3228366374969482,0.0027093887329101562,gp
134,1.333019733428955,0.002846956253051758,gp
135,1.3483171463012695,0.008177757263183594,gp
136,1.3559701442718506,0.0044362545013427734,gp
137,1.3629789352416992,0.0028307437896728516,gp
138,1.3733601570129395,0.0028853416442871094,gp
139,1.3829131126403809,0.002772092819213867,gp
140,1.3981225490570068,0.0018630027770996094,gp
141,1.4028093814849854,0.0016601085662841797,gp
142,1.4129481315612793,0.0027923583984375,gp
143,1.421520471572876,0.0014269351959228516,gp
144,1.437767744064331,0.0024378299713134766,gp
145,1.444061279296875,0.0034694671630859375,gp
146,1.4529082775115967,0.0026841163635253906,gp
147,1.4628362655639648,0.0026977062225341797,gp
148,1.4730067253112793,0.002840280532836914,gp
149,1.4856960773468018,0.0030570030212402344,gp
150,1.4929790496826172,0.002843141555786133,gp
151,1.5028562545776367,0.0027256011962890625,gp
152,1.512727975845337,0.002599000930786133,gp
153,1.5256750583648682,0.0027413368225097656,gp
154,1.5328569412231445,0.0027251243591308594,gp
155,1.5427796840667725,0.0026514530181884766,gp
156,1.5529429912567139,0.002794027328491211,gp
157,1.5646686553955078,0.0026612281799316406,gp
158,1.5721302032470703,0.0019719600677490234,gp
159,1.5825958251953125,0.0024704933166503906,gp
160,1.5917236804962158,0.0015838146209716797,gp
161,1.6076066493988037,0.003339052200317383,gp
162,1.613539457321167,0.0022029876708984375,gp
163,1.621687650680542,0.0015745162963867188,gp
164,1.6330325603485107,0.0029098987579345703,gp
165,1.6428461074829102,0.002714395523071289,gp
167,1.664552927017212,0.002634763717651367,gp
168,1.6729791164398193,0.002844572067260742,gp
169,1.6816213130950928,0.0014891624450683594,gp
170,1.6919176578521729,0.001795053482055664,gp
171,1.704683780670166,0.004491329193115234,gp
172,1.7130050659179688,0.0028579235076904297,gp
173,1.723196268081665,0.003027200698852539,gp
174,1.7327847480773926,0.002655029296875,gp
175,1.7481577396392822,0.00559234619140625,gp
176,1.7531416416168213,0.0016672611236572266,gp
177,1.7614734172821045,0.001369476318359375,gp
178,1.7720141410827637,0.0019004344940185547,gp
179,1.781553030014038,0.0014488697052001953,gp
180,1.795628309249878,0.004107952117919922,gp
181,1.8014543056488037,0.0013573169708251953,gp
182,1.8128085136413574,0.0026865005493164062,gp
183,1.828108549118042,0.007990360260009766,gp
184,1.83375883102417,0.0028679370880126953,gp
185,1.8435120582580566,0.0034003257751464844,gp
186,1.8519761562347412,0.001850128173828125,gp
187,1.8615715503692627,0.0014662742614746094,gp
188,1.8793590068817139,0.0035851001739501953,gp
189,1.8830578327178955,0.0026388168334960938,gp
190,1.892836332321167,0.0026733875274658203,gp
191,1.901554822921753,0.0013985633850097656,gp
192,1.9206008911132812,0.005553245544433594,gp
193,1.922579050064087,0.0018744468688964844,gp
194,1.9316518306732178,0.0015330314636230469,gp
195,1.9414525032043457,0.001354217529296875,gp
196,1.957360029220581,0.0031824111938476562,gp
197,1.961426019668579,0.0013306140899658203,gp
198,1.9729363918304443,0.0028352737426757812,gp
199,1.982853889465332,0.002723217010498047,gp
200,1.9996140003204346,0.004474639892578125,gp
201,2.0044572353363037,0.004055500030517578,gp
202,2.0117688179016113,0.0016324520111083984,gp
203,2.0214812755584717,0.0013897418975830078,gp
204,2.032097101211548,0.001964092254638672,gp
205,2.0452940464019775,0.0015094280242919922,gp
206,2.0520806312561035,0.0019631385803222656,gp
207,2.061539888381958,0.0014407634735107422,gp
208,2.0718212127685547,0.0017211437225341797,gp
209,2.088712692260742,0.004663705825805664,gp
210,2.0932600498199463,0.002938508987426758,gp
211,2.1016995906829834,0.0014488697052001953,gp
212,2.1119465827941895,0.00182342529296875,gp
213,2.1291332244873047,0.00478672981262207,gp
214,2.132511854171753,0.0018076896667480469,gp
215,2.1416735649108887,0.001569509506225586,gp
216,2.151822566986084,0.0017113685607910156,gp
217,2.161505937576294,0.001405477523803711,gp
218,2.173649549484253,0.0014617443084716797,gp
219,2.181809902191162,0.0017156600952148438,gp
220,2.1929264068603516,0.002774477005004883,gp
221,2.201525926589966,0.0014178752899169922,gp
222,2.2136173248291016,0.0014853477478027344,gp
223,2.223436117172241,0.002933025360107422,gp
224,2.232945442199707,0.002816915512084961,gp
225,2.2415366172790527,0.0013935565948486328,gp
226,2.251838207244873,0.0017054080963134766,gp
227,2.2618496417999268,0.0014715194702148438,gp
228,2.2720372676849365,0.0019297599792480469,gp
229,2.2814383506774902,0.0013461112976074219,gp
230,2.292259693145752,0.0021445751190185547,gp
231,2.3015506267547607,0.0014421939849853516,gp
232,2.311647653579712,0.0015511512756347656,gp
233,2.321823835372925,0.0014147758483886719,gp
234,2.3321197032928467,0.001997232437133789,gp
235,2.342803955078125,0.0015635490417480469,gp
236,2.3531227111816406,0.002994060516357422,gp
237,2.36301589012146,0.0028841495513916016,gp
238,2.3729238510131836,0.002801656723022461,gp
239,2.388878107070923,0.0029196739196777344,gp
240,2.3930816650390625,0.0029265880584716797,gp
241,2.403026580810547,0.0028841495513916016,gp
242,2.412080764770508,0.0017511844635009766,gp
243,2.4240775108337402,0.0031151771545410156,gp
244,2.433152675628662,0.003015756607055664,gp
245,2.442772626876831,0.0026247501373291016,gp
246,2.453044891357422,0.002901315689086914,gp
247,2.4620542526245117,0.001390218734741211,gp
248,2.4721200466156006,0.0019969940185546875,gp
249,2.4815776348114014,0.0014650821685791016,gp
250,2.4918320178985596,0.0017178058624267578,gp
251,2.501951217651367,0.001463174819946289,gp
252,2.51210618019104,0.0019922256469726562,gp
253,2.521512746810913,0.0014088153839111328,gp
254,2.5320863723754883,0.0019669532775878906,gp
255,2.5476109981536865,0.0035440921783447266,gp
256,2.5531961917877197,0.0030667781829833984,gp
257,2.562896490097046,0.002750873565673828,gp
258,2.5728986263275146,0.002767801284790039,gp
259,2.5836236476898193,0.0028421878814697266,gp
260,2.5943920612335205,0.004055976867675781,gp
261,2.6028807163238525,0.002756357192993164,gp
262,2.612931728363037,0.002799510955810547,gp
263,2.6321113109588623,0.011984825134277344,gp
264,2.6376960277557373,0.005500316619873047,gp
265,2.6430652141571045,0.0029425621032714844,gp
266,2.6527822017669678,0.002664327621459961,gp
267,2.6707351207733154,0.010615348815917969,gp
268,2.6743268966674805,0.002774953842163086,gp
269,2.682814598083496,0.0026793479919433594,gp
270,2.692883014678955,0.0027611255645751953,gp
271,2.703064441680908,0.0029418468475341797,gp
273,2.7230288982391357,0.0027229785919189453,gp
274,2.73285174369812,0.0027332305908203125,gp
275,2.7428386211395264,0.0027036666870117188,gp
277,2.7630112171173096,0.002891063690185547,gp
278,2.7730722427368164,0.0029268264770507812,gp
279,2.7828359603881836,0.002692699432373047,gp
280,2.796963930130005,0.002125263214111328,gp
281,2.801492929458618,0.0013797283172607422,gp
282,2.811681032180786,0.0015668869018554688,gp
283,2.8215973377227783,0.0014719963073730469,gp
284,2.840768575668335,0.00554966926574707,gp
285,2.842733144760132,0.0018880367279052734,gp
286,2.8531315326690674,0.0030014514923095703,gp
287,2.86301326751709,0.002885103225708008,gp
288,2.880600929260254,0.0053408145904541016,gp
289,2.8841168880462646,0.0028464794158935547,gp
290,2.893230676651001,0.00310516357421875,gp
291,2.9029977321624756,0.0028612613677978516,gp
292,2.9128432273864746,0.0027103424072265625,gp
293,2.924649238586426,0.0027532577514648438,gp
294,2.933074712753296,0.0029342174530029297,gp
295,2.9430530071258545,0.002917051315307617,gp
296,2.9527499675750732,0.0026252269744873047,gp
297,2.967180013656616,0.0028967857360839844,gp
298,2.971580743789673,0.0014455318450927734,gp
299,2.9815914630889893,0.0013747215270996094,gp
300,2.992495059967041,0.002363443374633789,gp
301,3.004580497741699,0.0015358924865722656,gp
302,3.0128936767578125,0.0027742385864257812,gp
303,3.0229012966156006,0.002775907516479492,gp
304,3.0319161415100098,0.001775979995727539,gp
305,3.0453073978424072,0.0014679431915283203,gp
306,3.052117109298706,0.0020012855529785156,gp
307,3.0616917610168457,0.0015740394592285156,gp
308,3.0720813274383545,0.001961231231689453,gp
309,3.0914223194122314,0.00412440299987793,gp
310,3.0944883823394775,0.002971172332763672,gp
311,3.101485013961792,0.0013818740844726562,gp
312,3.1120948791503906,0.001974821090698242,gp
313,3.1248083114624023,0.0015163421630859375,gp
314,3.1320297718048096,0.0019104480743408203,gp
315,3.14168643951416,0.0015773773193359375,gp
316,3.152261734008789,0.0021266937255859375,gp
317,3.1651113033294678,0.0014636516571044922,gp
318,3.1717939376831055,0.001680612564086914,gp
319,3.183398723602295,0.003276348114013672,gp
320,3.192976713180542,0.0028209686279296875,gp
321,3.206831216812134,0.0029752254486083984,gp
322,3.2129390239715576,0.002812623977661133,gp
323,3.2229044437408447,0.002768278121948242,gp
324,3.2329914569854736,0.002862215042114258,gp
325,3.2493770122528076,0.005415678024291992,gp
326,3.2553162574768066,0.004008769989013672,gp
327,3.2629449367523193,0.002821207046508789,gp
328,3.2717690467834473,0.0016245841979980469,gp
329,3.284411907196045,0.0021774768829345703,gp
330,3.2918612957000732,0.0017385482788085938,gp
331,3.301609516143799,0.0015027523040771484,gp
332,3.3126702308654785,0.0025207996368408203,gp
333,3.3289871215820312,0.00488591194152832,gp
334,3.3355584144592285,0.00391077995300293,gp
335,3.3432345390319824,0.0030252933502197266,gp
336,3.3517935276031494,0.00164031982421875,gp
337,3.361546277999878,0.0014350414276123047,gp
338,3.3735411167144775,0.0014181137084960938,gp
339,3.383934259414673,0.003103971481323242,gp
340,3.3916280269622803,0.0014951229095458984,gp
341,3.4014689922332764,0.0013675689697265625,gp
342,3.4118480682373047,0.0017082691192626953,gp
343,3.4268550872802734,0.004549503326416016,gp
344,3.435685396194458,0.0030303001403808594,gp
345,3.4429988861083984,0.0028378963470458984,gp
346,3.453035354614258,0.0028867721557617188,gp
347,3.4631011486053467,0.002966642379760742,gp
348,3.474116086959839,0.0028579235076904297,gp
349,3.483135223388672,0.003000974655151367,gp
350,3.4929141998291016,0.0027878284454345703,gp
351,3.501943349838257,0.0018258094787597656,gp
352,3.512390613555908,0.0016591548919677734,gp
353,3.521711826324463,0.0016007423400878906,gp
354,3.5320396423339844,0.0019223690032958984,gp
355,3.5415706634521484,0.0014650821685791016,gp
356,3.554915189743042,0.0027823448181152344,gp
357,3.5617241859436035,0.0013773441314697266,gp
358,3.5717527866363525,0.0016372203826904297,gp
359,3.581632375717163,0.00152587890625,gp
360,3.5929174423217773,0.0015888214111328125,gp
361,3.602045774459839,0.001922607421875,gp
362,3.612116575241089,0.0019779205322265625,gp
363,3.621690273284912,0.001565694808959961,gp
364,3.632805347442627,0.0014209747314453125,gp
365,3.6415023803710938,0.0013921260833740234,gp
366,3.6516082286834717,0.0014955997467041016,gp
367,3.6615583896636963,0.0014581680297851562,gp
368,3.6735780239105225,0.003444194793701172,gp
369,3.6817657947540283,0.001657247543334961,gp
370,3.6921546459198,0.002032041549682617,gp
371,3.7017157077789307,0.0015795230865478516,gp
372,3.714404344558716,0.0029108524322509766,gp
373,3.7230873107910156,0.0029561519622802734,gp
374,3.733123779296875,0.00298309326171875,gp
375,3.7430520057678223,0.002923727035522461,gp
376,3.7540786266326904,0.003951072692871094,gp
377,3.7630724906921387,0.0029442310333251953,gp
378,3.772965431213379,0.002827882766723633,gp
379,3.783254384994507,0.002890348434448242,gp
380,3.79799747467041,0.005381584167480469,gp
381,3.801508665084839,0.0013947486877441406,gp
382,3.811537742614746,0.001432657241821289,gp
383,3.822683095932007,0.002579927444458008,gp
384,3.8378186225891113,0.0027511119842529297,gp
385,3.841539144515991,0.0014383792877197266,gp
386,3.8519299030303955,0.001825094223022461,gp
387,3.861577033996582,0.0014634132385253906,gp
388,3.8782923221588135,0.0028574466705322266,gp
389,3.883176326751709,0.0030553340911865234,gp
390,3.8930861949920654,0.0029456615447998047,gp
391,3.903114080429077,0.0029754638671875,gp
393,3.9237711429595947,0.0018324851989746094,gp
394,3.933061361312866,0.002933025360107422,gp
395,3.9430136680603027,0.0028717517852783203,gp
397,3.9645891189575195,0.003536224365234375,gp
398,3.9729084968566895,0.0027828216552734375,gp
399,3.9816207885742188,0.0015006065368652344,gp
400,3.991795539855957,0.0016794204711914062,gp
401,4.007892608642578,0.002739429473876953,gp
402,4.011651039123535,0.0015263557434082031,gp
403,4.02151346206665,0.001397848129272461,gp
404,4.03200101852417,0.001878976821899414,gp
405,4.04706335067749,0.00414586067199707,gp
406,4.052091598510742,0.0019583702087402344,gp
407,4.061472415924072,0.0013549327850341797,gp
408,4.0720343589782715,0.001917123794555664,gp
409,4.08580756187439,0.0018553733825683594,gp
410,4.094637632369995,0.004127025604248047,gp
411,4.102910995483398,0.0027887821197509766,gp
412,4.113178491592407,0.0030035972595214844,gp
413,4.131964921951294,0.006063699722290039,gp
414,4.134058952331543,0.0018301010131835938,gp
415,4.142256498336792,0.0021562576293945312,gp
416,4.1522376537323,0.002108335494995117,gp
418,4.17371940612793,0.003046274185180664,gp
419,4.1817309856414795,0.0016100406646728516,gp
420,4.192203044891357,0.0020751953125,gp
421,4.201547384262085,0.0014340877532958984,gp
422,4.2158684730529785,0.003973484039306641,gp
423,4.223388671875,0.0029892921447753906,gp
424,4.2331459522247314,0.003023862838745117,gp
425,4.2430970668792725,0.002963542938232422,gp
426,4.256611585617065,0.005382061004638672,gp
427,4.264039516448975,0.0022470951080322266,gp
428,4.271916151046753,0.0017838478088378906,gp
429,4.281625032424927,0.0015139579772949219,gp
430,4.29172945022583,0.0016140937805175781,gp
431,4.308334112167358,0.0019512176513671875,gp
432,4.312370538711548,0.0022373199462890625,gp
433,4.321542263031006,0.001436471939086914,gp
434,4.332637786865234,0.0025186538696289062,gp
435,4.341939926147461,0.0014925003051757812,gp
436,4.352106332778931,0.0019867420196533203,gp
437,4.361560583114624,0.0014576911926269531,gp
438,4.373041868209839,0.0029125213623046875,gp
439,4.388625144958496,0.002911090850830078,gp
440,4.392858505249023,0.0027167797088623047,gp
441,4.403224229812622,0.003093242645263672,gp
442,4.41292929649353,0.0027923583984375,gp
443,4.425491094589233,0.003293752670288086,gp
444,4.43265962600708,0.0015411376953125,gp
445,4.441848993301392,0.0014650821685791016,gp
446,4.45220160484314,0.0020830631256103516,gp
447,4.465370416641235,0.0014560222625732422,gp
448,4.471760511398315,0.0016264915466308594,gp
449,4.4816460609436035,0.0015420913696289062,gp
450,4.49288010597229,0.00276947021484375,gp
451,4.503894805908203,0.003597259521484375,gp
452,4.513314962387085,0.0028433799743652344,gp
453,4.52302360534668,0.0028848648071289062,gp
454,4.531882286071777,0.0017504692077636719,gp
455,4.541687726974487,0.0015795230865478516,gp
456,4.5520899295806885,0.001972675323486328,gp
457,4.561726093292236,0.001615285873413086,gp
458,4.5719122886657715,0.0017800331115722656,gp
459,4.581796884536743,0.0016872882843017578,gp
460,4.593108654022217,0.0029838085174560547,gp
461,4.603337049484253,0.003175973892211914,gp
462,4.613009691238403,0.002872467041015625,gp
463,4.6241936683654785,0.003042936325073242,gp
464,4.633405685424805,0.0032634735107421875,gp
465,4.642985582351685,0.002859354019165039,gp
466,4.652910232543945,0.002785921096801758,gp
467,4.668534278869629,0.0042684078216552734,gp
468,4.67295241355896,0.0027980804443359375,gp
469,4.6829750537872314,0.0028526782989501953,gp
470,4.692086219787598,0.0019354820251464844,gp
471,4.703967809677124,0.0036618709564208984,gp
472,4.712993621826172,0.002862691879272461,gp
473,4.722977876663208,0.0028426647186279297,gp
474,4.733056306838989,0.002882242202758789,gp
475,4.7459917068481445,0.0035414695739746094,gp
476,4.75304102897644,0.0029022693634033203,gp
477,4.762882709503174,0.0027561187744140625,gp
478,4.773044586181641,0.002916574478149414,gp
479,4.783692359924316,0.0035691261291503906,gp
480,4.793222427368164,0.0030853748321533203,gp
481,4.803004264831543,0.002881288528442383,gp
482,4.8130576610565186,0.0029344558715820312,gp
483,4.823511838912964,0.002880573272705078,gp
484,4.833121299743652,0.0029990673065185547,gp
485,4.843034744262695,0.0029129981994628906,gp
486,4.85307240486145,0.0029404163360595703,gp
487,4.8641417026519775,0.003986835479736328,gp
488,4.873119115829468,0.002894163131713867,gp
489,4.881941795349121,0.0015478134155273438,gp
490,4.891774892807007,0.0016391277313232422,gp
491,4.901588201522827,0.0014789104461669922,gp
492,4.912219762802124,0.002083301544189453,gp
493,4.921702861785889,0.0015914440155029297,gp
494,4.932247877120972,0.0021278858184814453,gp
495,4.941554069519043,0.0014255046844482422,gp
496,4.952136516571045,0.0020258426666259766,gp
497,4.961652755737305,0.0015451908111572266,gp
498,4.971885442733765,0.0017745494842529297,gp
499,4.989163875579834,0.002917766571044922,gp
500,4.993062734603882,0.0029256343841552734,gp
501,5.002976655960083,0.002855062484741211,gp
502,5.011742830276489,0.0015416145324707031,gp
503,5.023204803466797,0.0018310546875,gp
504,5.033131837844849,0.0030133724212646484,gp
505,5.042915105819702,0.002788543701171875,gp
506,5.053299427032471,0.0031616687774658203,gp
507,5.0637290477752686,0.00292205810546875,gp
508,5.07206654548645,0.0019102096557617188,gp
509,5.081684589385986,0.0015723705291748047,gp
510,5.092226505279541,0.0021011829376220703,gp
511,5.105575323104858,0.003875732421875,gp
512,5.112260341644287,0.002115964889526367,gp
513,5.121596097946167,0.0014755725860595703,gp
514,5.1322572231292725,0.002150297164916992,gp
515,5.147647380828857,0.0020461082458496094,gp
516,5.1522135734558105,0.0021071434020996094,gp
517,5.16154932975769,0.0014472007751464844,gp
518,5.173053503036499,0.002925872802734375,gp
519,5.186008930206299,0.003528118133544922,gp
520,5.193054437637329,0.0017766952514648438,gp
521,5.201620101928711,0.0014929771423339844,gp
522,5.212957859039307,0.0028395652770996094,gp
523,5.221505641937256,0.0014340877532958984,gp
524,5.236039161682129,0.004660606384277344,gp
525,5.2415931224823,0.0014698505401611328,gp
526,5.252110481262207,0.001995563507080078,gp
527,5.261635065078735,0.0015184879302978516,gp
528,5.273236036300659,0.002834796905517578,gp
529,5.281705617904663,0.0015985965728759766,gp
530,5.293104648590088,0.0029935836791992188,gp
531,5.30317759513855,0.0030517578125,gp
532,5.317158937454224,0.0030052661895751953,gp
533,5.3216376304626465,0.0014202594757080078,gp
534,5.332151651382446,0.0020225048065185547,gp
535,5.341584205627441,0.0014729499816894531,gp
536,5.3599817752838135,0.005368947982788086,gp
537,5.361739635467529,0.001531362533569336,gp
538,5.371840715408325,0.0017271041870117188,gp
539,5.3817596435546875,0.0016624927520751953,gp
540,5.401383876800537,0.011255741119384766,gp
541,5.4061667919158936,0.0036668777465820312,gp
542,5.414177417755127,0.002950429916381836,gp
543,5.423093557357788,0.0029730796813964844,gp
544,5.433029890060425,0.0028917789459228516,gp
545,5.45182991027832,0.011704206466674805,gp
546,5.458326578140259,0.006409883499145508,gp
547,5.463041067123413,0.002906322479248047,gp
548,5.473182678222656,0.0030167102813720703,gp
549,5.481764554977417,0.0016553401947021484,gp
550,5.495232820510864,0.0018508434295654297,gp
551,5.501543283462524,0.00142669677734375,gp
552,5.511970520019531,0.0018475055694580078,gp
553,5.521667718887329,0.001556396484375,gp
554,5.535468339920044,0.0028073787689208984,gp
555,5.541836261749268,0.0014576911926269531,gp
556,5.552812814712524,0.0026924610137939453,gp
557,5.561675786972046,0.0015532970428466797,gp
558,5.57681131362915,0.003062725067138672,gp
559,5.583422660827637,0.003300905227661133,gp
560,5.591809511184692,0.0016257762908935547,gp
561,5.601855516433716,0.0017495155334472656,gp
562,5.614258050918579,0.0029463768005371094,gp
563,5.623016595840454,0.0028831958770751953,gp
564,5.633224725723267,0.003101825714111328,gp
565,5.641611337661743,0.0014834403991699219,gp
566,5.6566760540008545,0.002900838851928711,gp
567,5.661622762680054,0.0015184879302978516,gp
568,5.67234992980957,0.002226591110229492,gp
569,5.68161153793335,0.0014998912811279297,gp
570,5.694112777709961,0.0029256343841552734,gp
571,5.701989650726318,0.0018818378448486328,gp
572,5.712152719497681,0.0020155906677246094,gp
573,5.721640110015869,0.0015087127685546875,gp
574,5.740483999252319,0.005277872085571289,gp
575,5.743638515472412,0.003091573715209961,gp
576,5.752850532531738,0.0027189254760742188,gp
577,5.7633607387542725,0.0029816627502441406,gp
579,5.783448934555054,0.0023522377014160156,gp
580,5.792632818222046,0.0025064945220947266,gp
581,5.801579475402832,0.0014684200286865234,gp
582,5.812241792678833,0.002086639404296875,gp
583,5.825676441192627,0.0015463829040527344,gp
584,5.832090377807617,0.0016436576843261719,gp
585,5.841748952865601,0.0016341209411621094,gp
586,5.852395296096802,0.002275228500366211,gp
587,5.869519472122192,0.0029163360595703125,gp
588,5.876056909561157,0.004609823226928711,gp
589,5.882983684539795,0.002858400344848633,gp
590,5.893120527267456,0.0029876232147216797,gp
591,5.901622772216797,0.0015010833740234375,gp
592,5.916059494018555,0.002268552780151367,gp
593,5.924864292144775,0.0033826828002929688,gp
594,5.931846857070923,0.0017273426055908203,gp
595,5.941709518432617,0.001478433609008789,gp
596,5.952237606048584,0.0021209716796875,gp
597,5.9646689891815186,0.004321575164794922,gp
598,5.972245454788208,0.0021140575408935547,gp
599,5.982016563415527,0.0019049644470214844,gp
600,5.991847276687622,0.0016980171203613281,gp
601,6.005384922027588,0.00419163703918457,gp
602,6.011795520782471,0.001642465591430664,gp
603,6.021650314331055,0.0015368461608886719,gp
604,6.032319068908691,0.002158641815185547,gp
605,6.044034957885742,0.002124309539794922,gp
606,6.053231716156006,0.0018968582153320312,gp
607,6.061699628829956,0.0015821456909179688,gp
608,6.072342872619629,0.0022094249725341797,gp
609,6.0817036628723145,0.0015954971313476562,gp
610,6.092261791229248,0.0015194416046142578,gp
611,6.101697683334351,0.0015842914581298828,gp
612,6.1117987632751465,0.0016589164733886719,gp
613,6.121799945831299,0.0014193058013916016,gp
614,6.133455991744995,0.0016562938690185547,gp
615,6.14162278175354,0.0015137195587158203,gp
616,6.153008699417114,0.002890348434448242,gp
617,6.162991046905518,0.0028519630432128906,gp
618,6.17865777015686,0.004404306411743164,gp
619,6.183453798294067,0.003305196762084961,gp
620,6.193105459213257,0.0029582977294921875,gp
621,6.203137636184692,0.0029726028442382812,gp
622,6.216911315917969,0.0020346641540527344,gp
623,6.222710609436035,0.0025894641876220703,gp
624,6.231979131698608,0.0018417835235595703,gp
625,6.24159049987793,0.0014832019805908203,gp
626,6.257492542266846,0.007376909255981445,gp
627,6.263830184936523,0.0028374195098876953,gp
628,6.275027513504028,0.0048370361328125,gp
629,6.283280849456787,0.0031180381774902344,gp
630,6.304415702819824,0.008974075317382812,gp
631,6.309582710266113,0.003915071487426758,gp
632,6.314707040786743,0.003412961959838867,gp
633,6.32470178604126,0.0045735836029052734,gp
634,6.334676027297974,0.004544973373413086,gp
635,6.348309755325317,0.007902383804321289,gp
636,6.355474948883057,0.0041027069091796875,gp
637,6.3646180629730225,0.004491329193115234,gp
638,6.374618768692017,0.004504203796386719,gp
639,6.388474702835083,0.008360624313354492,gp
640,6.398755788803101,0.003000974655151367,gp
641,6.404627561569214,0.004508495330810547,gp
642,6.414719820022583,0.004593372344970703,gp
643,6.428355932235718,0.008250236511230469,gp
644,6.436192989349365,0.004369497299194336,gp
645,6.444675445556641,0.004574775695800781,gp
646,6.454688310623169,0.004580497741699219,gp
647,6.464658737182617,0.004542827606201172,gp
648,6.4797351360321045,0.009619951248168945,gp
649,6.485545873641968,0.005374908447265625,gp
650,6.494691848754883,0.0035638809204101562,gp
651,6.504669189453125,0.0045664310455322266,gp
652,6.514693260192871,0.004580497741699219,gp
653,6.530224084854126,0.01012563705444336,gp
654,6.536324739456177,0.0051174163818359375,gp
655,6.544725656509399,0.0045964717864990234,gp
656,6.554669141769409,0.004538297653198242,gp
657,6.5646140575408936,0.004411220550537109,gp
658,6.576818227767944,0.0015799999237060547,gp
659,6.586416006088257,0.003974437713623047,gp
660,6.594684839248657,0.004557609558105469,gp
661,6.604680776596069,0.004556894302368164,gp
662,6.61981201171875,0.009638547897338867,gp
663,6.624674558639526,0.003489971160888672,gp
664,6.63566255569458,0.005542278289794922,gp
665,6.644679546356201,0.004551887512207031,gp
666,6.658187389373779,0.0029740333557128906,gp
667,6.6692140102386475,0.0069427490234375,gp
668,6.674731492996216,0.004610300064086914,gp
669,6.6846702098846436,0.004548788070678711,gp
670,6.694679498672485,0.004567861557006836,gp
671,6.7084972858428955,0.008394241333007812,gp
672,6.716007471084595,0.004045248031616211,gp
673,6.724708080291748,0.00460505485534668,gp
674,6.73468279838562,0.004555702209472656,gp
675,6.747156858444214,0.007052898406982422,gp
676,6.754712104797363,0.004597902297973633,gp
677,6.764628887176514,0.004515171051025391,gp
678,6.774660348892212,0.004545927047729492,gp
679,6.7897772789001465,0.009427785873413086,gp
680,6.797600746154785,0.0034093856811523438,gp
681,6.804704427719116,0.004578590393066406,gp
682,6.81466817855835,0.004534721374511719,gp
683,6.827388525009155,0.007271766662597656,gp
684,6.834715127944946,0.0045928955078125,gp
685,6.8446972370147705,0.004533290863037109,gp
686,6.854663372039795,0.00455021858215332,gp
687,6.8685524463653564,0.008440971374511719,gp
688,6.878250598907471,0.005826234817504883,gp
689,6.884708404541016,0.004584789276123047,gp
690,6.894728422164917,0.0045871734619140625,gp
691,6.906412124633789,0.006281137466430664,gp
692,6.914688348770142,0.004563808441162109,gp
693,6.924623489379883,0.004504680633544922,gp
694,6.9346604347229,0.004544258117675781,gp
695,6.949722766876221,0.009602785110473633,gp
696,6.957314968109131,0.0028564929962158203,gp
697,6.964644432067871,0.004518747329711914,gp
698,6.974646091461182,0.004514932632446289,gp
700,6.9952287673950195,0.002871990203857422,gp
701,7.003247499465942,0.0028684139251708984,gp
702,7.013039588928223,0.0029108524322509766,gp
704,7.035217046737671,0.002849578857421875,gp
705,7.043364524841309,0.002990245819091797,gp
706,7.05327582359314,0.003148317337036133,gp
707,7.063145637512207,0.0029976367950439453,gp
708,7.077553749084473,0.002953052520751953,gp
709,7.081724405288696,0.001363992691040039,gp
710,7.092315912246704,0.0021979808807373047,gp
711,7.101528644561768,0.0014166831970214844,gp
713,7.123542070388794,0.0021626949310302734,gp
714,7.131869792938232,0.0017464160919189453,gp
715,7.141570806503296,0.0014591217041015625,gp
716,7.15983772277832,0.003390789031982422,gp
717,7.1628334522247314,0.002716064453125,gp
718,7.173115253448486,0.0029947757720947266,gp
719,7.181685924530029,0.0015671253204345703,gp
720,7.200876712799072,0.010717153549194336,gp
721,7.202622175216675,0.0016739368438720703,gp
722,7.212950944900513,0.002794504165649414,gp
723,7.223582983016968,0.0031347274780273438,gp
725,7.2433905601501465,0.002778291702270508,gp
726,7.253233194351196,0.003063678741455078,gp
727,7.262930154800415,0.002795696258544922,gp
728,7.273207902908325,0.003075838088989258,gp
729,7.284800052642822,0.001491546630859375,gp
730,7.291741132736206,0.001627206802368164,gp
731,7.301525592803955,0.0014190673828125,gp
732,7.312661647796631,0.0025377273559570312,gp
733,7.328833341598511,0.0014750957489013672,gp
734,7.332915544509888,0.0014963150024414062,gp
735,7.342630624771118,0.002520322799682617,gp
736,7.352133750915527,0.001998424530029297,gp
738,7.374866962432861,0.0028650760650634766,gp
739,7.382880210876465,0.0027468204498291016,gp
740,7.3916966915130615,0.0015702247619628906,gp
741,7.403923988342285,0.0017628669738769531,gp
742,7.412224531173706,0.002089977264404297,gp
743,7.421573162078857,0.0014638900756835938,gp
744,7.433154821395874,0.0030393600463867188,gp
745,7.449099779129028,0.005166530609130859,gp
746,7.452019929885864,0.0018932819366455078,gp
747,7.461532354354858,0.001425027847290039,gp
748,7.473258972167969,0.0031311511993408203,gp
749,7.488508462905884,0.00451970100402832,gp
750,7.49258828163147,0.001531362533569336,gp
751,7.50325608253479,0.003138303756713867,gp
752,7.513192176818848,0.0030143260955810547,gp
753,7.523914337158203,0.001956462860107422,gp
754,7.531897068023682,0.0017888545989990234,gp
755,7.541673183441162,0.0015513896942138672,gp
756,7.5517637729644775,0.001653432846069336,gp
757,7.5650634765625,0.0029408931732177734,gp
758,7.573284387588501,0.003134489059448242,gp
759,7.58303427696228,0.002910137176513672,gp
760,7.593126535415649,0.003000497817993164,gp
761,7.609655380249023,0.004231452941894531,gp
762,7.613226890563965,0.003081798553466797,gp
763,7.62323784828186,0.003086090087890625,gp
764,7.631977796554565,0.0018405914306640625,gp
765,7.652397871017456,0.00824427604675293,gp
766,7.657832145690918,0.0040242671966552734,gp
767,7.663256406784058,0.0030431747436523438,gp
768,7.673067092895508,0.002894163131713867,gp
769,7.683089256286621,0.0029664039611816406,gp
770,7.6990838050842285,0.00394129753112793,gp
771,7.702690124511719,0.002578258514404297,gp
772,7.712661981582642,0.0025475025177001953,gp
773,7.72260046005249,0.0024955272674560547,gp
774,7.735329627990723,0.004284858703613281,gp
775,7.742956876754761,0.002826690673828125,gp
776,7.752959728240967,0.0028378963470458984,gp
777,7.763106346130371,0.002974271774291992,gp
778,7.776461839675903,0.0029134750366210938,gp
779,7.782654047012329,0.0025501251220703125,gp
780,7.793100357055664,0.0029730796813964844,gp
781,7.803210735321045,0.0030753612518310547,gp
782,7.818068981170654,0.006121158599853516,gp
783,7.822823524475098,0.002715587615966797,gp
784,7.832688093185425,0.0025730133056640625,gp
785,7.842677593231201,0.002560138702392578,gp
786,7.856987476348877,0.003148794174194336,gp
787,7.862683534622192,0.0025742053985595703,gp
788,7.872658729553223,0.0025124549865722656,gp
789,7.882749557495117,0.002532958984375,gp
790,7.898561000823975,0.004115581512451172,gp
791,7.9053778648376465,0.005251169204711914,gp
792,7.912668943405151,0.002511739730834961,gp
793,7.92267107963562,0.0025489330291748047,gp
794,7.932662010192871,0.0025491714477539062,gp
795,7.943459749221802,0.002956390380859375,gp
796,7.953097343444824,0.002958059310913086,gp
797,7.963000774383545,0.0028700828552246094,gp
798,7.973113298416138,0.002983570098876953,gp
799,7.986059904098511,0.0029473304748535156,gp
800,7.992679595947266,0.0025572776794433594,gp
801,8.002671241760254,0.0025680065155029297,gp
802,8.013033866882324,0.0029239654541015625,gp
803,8.026229619979858,0.003142118453979492,gp
804,8.033095598220825,0.0030159950256347656,gp
805,8.042987585067749,0.002862691879272461,gp
806,8.05268669128418,0.002549409866333008,gp
807,8.063293695449829,0.0030541419982910156,gp
808,8.073015451431274,0.002897977828979492,gp
809,8.083309412002563,0.003169536590576172,gp
810,8.093174934387207,0.0030350685119628906,gp
811,8.104828119277954,0.004469871520996094,gp
812,8.114176273345947,0.0028963088989257812,gp
813,8.122958183288574,0.002824068069458008,gp
814,8.133167505264282,0.003043651580810547,gp
815,8.148442506790161,0.008322477340698242,gp
816,8.15568995475769,0.002927064895629883,gp
817,8.163042068481445,0.0029180049896240234,gp
818,8.173171997070312,0.0030519962310791016,gp
819,8.187714099884033,0.007609844207763672,gp
820,8.194719076156616,0.00440669059753418,gp
821,8.202694416046143,0.002588987350463867,gp
822,8.212676048278809,0.0025446414947509766,gp
823,8.22266149520874,0.002550363540649414,gp
824,8.237623929977417,0.0030670166015625,gp
825,8.243515253067017,0.002961397171020508,gp
826,8.252624988555908,0.0024955272674560547,gp
827,8.262842178344727,0.002725839614868164,gp
829,8.283445596694946,0.002193450927734375,gp
830,8.293114185333252,0.0020301342010498047,gp
831,8.302543878555298,0.002424955368041992,gp
832,8.311804056167603,0.001661062240600586,gp
833,8.321621894836426,0.001392364501953125,gp
834,8.33447003364563,0.0031859874725341797,gp
835,8.34284496307373,0.0027081966400146484,gp
836,8.353149652481079,0.003028392791748047,gp
837,8.369480609893799,0.009355545043945312,gp
838,8.375164270401001,0.0030448436737060547,gp
839,8.382949590682983,0.0028281211853027344,gp
840,8.392882347106934,0.0027418136596679688,gp
841,8.408055543899536,0.007924079895019531,gp
842,8.413572549819946,0.003410816192626953,gp
843,8.42285442352295,0.002733469009399414,gp
844,8.433533191680908,0.002996206283569336,gp
845,8.448249340057373,0.008085966110229492,gp
846,8.458143472671509,0.006191253662109375,gp
847,8.462617874145508,0.0024929046630859375,gp
848,8.471925497055054,0.0017580986022949219,gp
849,8.48155403137207,0.001447916030883789,gp
850,8.49643611907959,0.005086183547973633,gp
851,8.501530647277832,0.0014178752899169922,gp
852,8.512184143066406,0.0020639896392822266,gp
853,8.521455764770508,0.0013513565063476562,gp
854,8.532544612884521,0.001569509506225586,gp
855,8.541962623596191,0.001840353012084961,gp
856,8.551728248596191,0.0016016960144042969,gp
857,8.561542510986328,0.001432180404663086,gp
858,8.573951482772827,0.002843141555786133,gp
859,8.583418369293213,0.0032951831817626953,gp
860,8.592973470687866,0.0028214454650878906,gp
861,8.612310409545898,0.012176513671875,gp
862,8.615888595581055,0.002267599105834961,gp
863,8.622640371322632,0.002525806427001953,gp
864,8.631685018539429,0.0015463829040527344,gp
865,8.641476154327393,0.0013651847839355469,gp
866,8.652911901473999,0.002266407012939453,gp
867,8.661766052246094,0.0016503334045410156,gp
868,8.672244310379028,0.002120494842529297,gp
869,8.681507110595703,0.0013844966888427734,gp
870,8.701144695281982,0.011012554168701172,gp
871,8.704098463058472,0.0027992725372314453,gp
872,8.714168548583984,0.003860950469970703,gp
873,8.721619367599487,0.0014543533325195312,gp
874,8.73177719116211,0.0016677379608154297,gp
875,8.741429328918457,0.001323699951171875,gp
876,8.755162477493286,0.0034110546112060547,gp
877,8.761719942092896,0.0013463497161865234,gp
878,8.77174973487854,0.001646280288696289,gp
879,8.787319660186768,0.0072078704833984375,gp
880,8.792763233184814,0.0019807815551757812,gp
881,8.801605224609375,0.0014951229095458984,gp
882,8.812910079956055,0.002789735794067383,gp
883,8.82753872871399,0.007403135299682617,gp
884,8.834106683731079,0.00397944450378418,gp
885,8.842745065689087,0.002623319625854492,gp
886,8.853364944458008,0.0032258033752441406,gp
887,8.868691205978394,0.008530139923095703,gp
888,8.873474359512329,0.0027725696563720703,gp
889,8.882813930511475,0.002683877944946289,gp
890,8.89184832572937,0.001682281494140625,gp
891,8.901434898376465,0.0013265609741210938,gp
892,8.91310167312622,0.001432180404663086,gp
893,8.921514749526978,0.0014083385467529297,gp
894,8.9331533908844,0.0030438899993896484,gp
895,8.952130556106567,0.012011528015136719,gp
896,8.956299781799316,0.0040476322174072266,gp
897,8.962684631347656,0.0025637149810791016,gp
898,8.972752809524536,0.002633810043334961,gp
899,8.991261720657349,0.01102900505065918,gp
900,8.995736122131348,0.0019085407257080078,gp
901,9.001563549041748,0.0014569759368896484,gp
902,9.011730432510376,0.0016090869903564453,gp
903,9.02150845527649,0.0013849735260009766,gp
904,9.040081977844238,0.005228996276855469,gp
905,9.044412612915039,0.003981113433837891,gp
906,9.052871942520142,0.0027418136596679688,gp
907,9.062638998031616,0.0025141239166259766,gp
908,9.079646348953247,0.003814697265625,gp
909,9.082977771759033,0.0017731189727783203,gp
910,9.091702222824097,0.0015804767608642578,gp
911,9.102498292922974,0.0023818016052246094,gp
912,9.117300510406494,0.0017805099487304688,gp
913,9.123795747756958,0.0028319358825683594,gp
914,9.131766557693481,0.0016293525695800781,gp
915,9.141466617584229,0.0013430118560791016,gp
916,9.159338235855103,0.004152774810791016,gp
917,9.169179916381836,0.0057032108306884766,gp
918,9.172788381576538,0.00266265869140625,gp
919,9.182991743087769,0.0028672218322753906,gp
920,9.19165587425232,0.0015287399291992188,gp
921,9.207260847091675,0.002671957015991211,gp
922,9.21163558959961,0.0015304088592529297,gp
923,9.221412658691406,0.0012919902801513672,gp
924,9.232038021087646,0.0019147396087646484,gp
925,9.248683214187622,0.004645824432373047,gp
926,9.253560543060303,0.003071308135986328,gp
927,9.261471033096313,0.0013608932495117188,gp
928,9.271915674209595,0.0017821788787841797,gp
929,9.289867401123047,0.003401041030883789,gp
930,9.294489860534668,0.004255533218383789,gp
931,9.301665782928467,0.0015575885772705078,gp
932,9.311763525009155,0.0014255046844482422,gp
933,9.321335554122925,0.0012352466583251953,gp
934,9.337286949157715,0.0020613670349121094,gp
935,9.342524528503418,0.002156972885131836,gp
936,9.351592540740967,0.0014770030975341797,gp
937,9.362344741821289,0.0022232532501220703,gp
938,9.373497247695923,0.001508474349975586,gp
939,9.381487131118774,0.0013730525970458984,gp
940,9.392435312271118,0.0022237300872802734,gp
941,9.401425838470459,0.001314401626586914,gp
942,9.415418863296509,0.0031943321228027344,gp
943,9.423833847045898,0.003234386444091797,gp
944,9.432006120681763,0.0018596649169921875,gp
945,9.441529989242554,0.001417398452758789,gp
946,9.452845573425293,0.0027272701263427734,gp
947,9.462936162948608,0.001523733139038086,gp
948,9.471827268600464,0.0017049312591552734,gp
949,9.481741189956665,0.001638650894165039,gp
950,9.491757869720459,0.0016260147094726562,gp
951,9.501726150512695,0.0016207695007324219,gp
952,9.512621879577637,0.0025072097778320312,gp
953,9.522677898406982,0.002543210983276367,gp
954,9.532804012298584,0.002672433853149414,gp
955,9.543176174163818,0.0025780200958251953,gp
956,9.552479267120361,0.002335071563720703,gp
957,9.562670469284058,0.002461671829223633,gp
958,9.572732210159302,0.0025873184204101562,gp
959,9.588527917861938,0.008043766021728516,gp
960,9.591882705688477,0.001753091812133789,gp
961,9.601774454116821,0.001667022705078125,gp
962,9.612762689590454,0.0026285648345947266,gp
963,9.629395961761475,0.002594470977783203,gp
964,9.632560014724731,0.0013132095336914062,gp
965,9.641419649124146,0.0013148784637451172,gp
966,9.653071403503418,0.0029442310333251953,gp
967,9.667869329452515,0.007725954055786133,gp
968,9.67333173751831,0.0032117366790771484,gp
969,9.683101415634155,0.002969980239868164,gp
970,9.692576885223389,0.0024347305297851562,gp
971,9.708213567733765,0.008085250854492188,gp
972,9.714704751968384,0.0027081966400146484,gp
973,9.72260069847107,0.0024666786193847656,gp
974,9.732685327529907,0.0025610923767089844,gp
976,9.755727052688599,0.003806591033935547,gp
977,9.762598752975464,0.0024755001068115234,gp
978,9.772772073745728,0.0026509761810302734,gp
979,9.788078546524048,0.007693290710449219,gp
980,9.793252229690552,0.0030975341796875,gp
981,9.802863359451294,0.0027382373809814453,gp
982,9.812697649002075,0.0025358200073242188,gp
983,9.826736688613892,0.0066051483154296875,gp
984,9.833218574523926,0.003062009811401367,gp
985,9.842641353607178,0.0025107860565185547,gp
986,9.852815628051758,0.0026886463165283203,gp
987,9.871833562850952,0.011707067489624023,gp
988,9.877441167831421,0.0036864280700683594,gp
989,9.88270878791809,0.0025866031646728516,gp
990,9.891571998596191,0.0014553070068359375,gp
991,9.902233600616455,0.0021147727966308594,gp
992,9.913330793380737,0.002529621124267578,gp
993,9.922569274902344,0.0024437904357910156,gp
994,9.932596206665039,0.002469301223754883,gp
995,9.947959423065186,0.007826805114746094,gp
996,9.953187465667725,0.002470731735229492,gp
997,9.962768077850342,0.002640962600708008,gp
998,9.973291158676147,0.0031538009643554688,gp
999,9.987512588500977,0.007370471954345703,gp
1000,9.993091583251953,0.0024178028106689453,gp
1001,10.00292682647705,0.0025148391723632812,gp
1002,10.012681722640991,0.002553224563598633,gp
1003,10.028112411499023,0.007977008819580078,gp
1004,10.0364248752594,0.0040454864501953125,gp
1005,10.04260802268982,0.002480030059814453,gp
1006,10.052854299545288,0.002726316452026367,gp
1007,10.071670770645142,0.011539459228515625,gp
1008,10.075905084609985,0.0027697086334228516,gp
1009,10.081329345703125,0.0012278556823730469,gp
1010,10.091857194900513,0.0017421245574951172,gp
1011,10.10150694847107,0.001386404037475586,gp
1012,10.118086338043213,0.0013356208801269531,gp
1013,10.121509075164795,0.0014095306396484375,gp
1014,10.131972312927246,0.0018491744995117188,gp
1015,10.141409635543823,0.0013005733489990234,gp
1016,10.158723592758179,0.003551006317138672,gp
1017,10.163055896759033,0.002694845199584961,gp
1018,10.17263126373291,0.0024995803833007812,gp
1019,10.182848453521729,0.0026171207427978516,gp
1021,10.202759265899658,0.0024156570434570312,gp
1022,10.211604118347168,0.001493692398071289,gp
1023,10.221335887908936,0.0012347698211669922,gp
1024,10.240180730819702,0.010071277618408203,gp
1025,10.243223428726196,0.0028798580169677734,gp
1026,10.252747058868408,0.002630472183227539,gp
1027,10.262624979019165,0.002493619918823242,gp
1028,10.278229475021362,0.0025784969329833984,gp
1029,10.283151149749756,0.0024871826171875,gp
1030,10.292871713638306,0.0027437210083007812,gp
1031,10.302582025527954,0.0024526119232177734,gp
1032,10.312662839889526,0.002512216567993164,gp
1033,10.327633142471313,0.003111124038696289,gp
1034,10.33255648612976,0.0024313926696777344,gp
1035,10.342757225036621,0.0026345252990722656,gp
1036,10.352684259414673,0.002545595169067383,gp
1037,10.368615627288818,0.004310131072998047,gp
1038,10.373568773269653,0.0024814605712890625,gp
1039,10.382590293884277,0.0024728775024414062,gp
1040,10.39282512664795,0.0026845932006835938,gp
1041,10.408959865570068,0.00476527214050293,gp
1042,10.41391372680664,0.0037059783935546875,gp
1043,10.422800302505493,0.002669095993041992,gp
1044,10.432756900787354,0.002629518508911133,gp
1045,10.44259762763977,0.002473592758178711,gp
1046,10.453791379928589,0.0012869834899902344,gp
1047,10.461304903030396,0.0012030601501464844,gp
1048,10.472748756408691,0.0026216506958007812,gp
1049,10.481487274169922,0.0013239383697509766,gp
1051,10.502070903778076,0.0012745857238769531,gp
1052,10.512160539627075,0.002021312713623047,gp
1053,10.521401643753052,0.0012564659118652344,gp
1054,10.531541347503662,0.0014317035675048828,gp
1055,10.541316270828247,0.001214742660522461,gp
1056,10.552230596542358,0.0021114349365234375,gp
1057,10.561525344848633,0.001401662826538086,gp
1058,10.572573184967041,0.002460956573486328,gp
1059,10.586243391036987,0.004884243011474609,gp
1060,10.591599702835083,0.0014808177947998047,gp
1061,10.601375341415405,0.0012695789337158203,gp
1062,10.611730337142944,0.0016057491302490234,gp
1063,10.622081995010376,0.0013263225555419922,gp
1064,10.633090257644653,0.0029489994049072266,gp
1065,10.642809391021729,0.0026464462280273438,gp
1066,10.652954339981079,0.002827167510986328,gp
1067,10.663039445877075,0.0024695396423339844,gp
1068,10.672706604003906,0.002580881118774414,gp
1069,10.681344032287598,0.0012347698211669922,gp
1070,10.691931247711182,0.0018129348754882812,gp
1071,10.707775831222534,0.002217531204223633,gp
1072,10.711925029754639,0.0018029212951660156,gp
1073,10.721370458602905,0.0012698173522949219,gp
1074,10.731877088546753,0.0017633438110351562,gp
1075,10.743059873580933,0.001978635787963867,gp
1076,10.752379179000854,0.0022454261779785156,gp
1077,10.761338949203491,0.001218557357788086,gp
1078,10.772763967514038,0.0026178359985351562,gp
1079,10.783613681793213,0.003468751907348633,gp
1080,10.79288125038147,0.002755403518676758,gp
1081,10.803016901016235,0.0027434825897216797,gp
1082,10.812611103057861,0.0024755001068115234,gp
1083,10.82268476486206,0.0025162696838378906,gp
1084,10.833458662033081,0.003011465072631836,gp
1085,10.842554092407227,0.002421140670776367,gp
1086,10.852540016174316,0.002415895462036133,gp
1087,10.86152982711792,0.0012557506561279297,gp
1088,10.871965646743774,0.0018317699432373047,gp
1089,10.883246183395386,0.0031239986419677734,gp
1090,10.892728567123413,0.0026082992553710938,gp
1091,10.908123970031738,0.0025653839111328125,gp
1092,10.912814617156982,0.002681732177734375,gp
1093,10.922545433044434,0.0024220943450927734,gp
1094,10.932797908782959,0.0026597976684570312,gp
1095,10.943400144577026,0.0029027462005615234,gp
1096,10.953969955444336,0.003818035125732422,gp
1097,10.962681770324707,0.0025479793548583984,gp
1098,10.972686767578125,0.0025386810302734375,gp
1099,10.983527183532715,0.003149271011352539,gp
1100,11.000263929367065,0.008862495422363281,gp
1101,11.003244400024414,0.002894878387451172,gp
1102,11.01273250579834,0.002605915069580078,gp
1103,11.023128986358643,0.0030083656311035156,gp
1104,11.035109758377075,0.0027441978454589844,gp
1105,11.043400049209595,0.0023660659790039062,gp
1106,11.051997661590576,0.0018787384033203125,gp
1107,11.061419486999512,0.001306772232055664,gp
1108,11.07180643081665,0.0016930103302001953,gp
1109,11.085034370422363,0.0029876232147216797,gp
1110,11.09306263923645,0.0029268264770507812,gp
1111,11.10303544998169,0.0029027462005615234,gp
1112,11.11280870437622,0.002660036087036133,gp
1113,11.12442946434021,0.0038614273071289062,gp
1114,11.132728815078735,0.002600431442260742,gp
1115,11.142740488052368,0.0026161670684814453,gp
1116,11.152803659439087,0.0026688575744628906,gp
1117,11.163086652755737,0.0026314258575439453,gp
1118,11.174427270889282,0.00397944450378418,gp
1119,11.182817697525024,0.002695322036743164,gp
1120,11.19199538230896,0.0018091201782226562,gp
1121,11.201803922653198,0.0016973018646240234,gp
1122,11.21579885482788,0.005133867263793945,gp
1123,11.222863674163818,0.002688169479370117,gp
1124,11.23333477973938,0.003185749053955078,gp
1125,11.242765426635742,0.0026199817657470703,gp
1126,11.257109642028809,0.004576921463012695,gp
1127,11.262701988220215,0.0025756359100341797,gp
1128,11.272964477539062,0.002844572067260742,gp
1129,11.283007144927979,0.0028715133666992188,gp
1130,11.294758558273315,0.003101825714111328,gp
1131,11.303169965744019,0.003040313720703125,gp
1132,11.31285285949707,0.0027077198028564453,gp
1133,11.322923183441162,0.0027866363525390625,gp
1134,11.33353042602539,0.0014655590057373047,gp
1135,11.341495752334595,0.0013804435729980469,gp
1136,11.352175951004028,0.002051115036010742,gp
1137,11.36147952079773,0.0013463497161865234,gp
1138,11.375810861587524,0.002145528793334961,gp
1139,11.38333010673523,0.0022153854370117188,gp
1140,11.392046928405762,0.0019199848175048828,gp
1141,11.40155839920044,0.0014460086822509766,gp
1142,11.412158489227295,0.002029895782470703,gp
1143,11.42282748222351,0.0026123523712158203,gp
1144,11.433261394500732,0.00313568115234375,gp
1145,11.441457271575928,0.0013155937194824219,gp
1146,11.451801061630249,0.0016775131225585938,gp
1147,11.461391687393188,0.0012891292572021484,gp
1148,11.472806930541992,0.002681732177734375,gp
1149,11.481497049331665,0.001374959945678711,gp
1150,11.492042541503906,0.0019223690032958984,gp
1151,11.507656335830688,0.0047070980072021484,gp
1152,11.512065649032593,0.0019414424896240234,gp
1153,11.521484375,0.0013747215270996094,gp
1154,11.531919240951538,0.0018050670623779297,gp
1155,11.544770956039429,0.004312992095947266,gp
1156,11.553223848342896,0.0031092166900634766,gp
1157,11.562726020812988,0.0025632381439208984,gp
1158,11.57287883758545,0.0026972293853759766,gp
1159,11.58490252494812,0.004159212112426758,gp
1160,11.593480348587036,0.001705169677734375,gp
1161,11.601770639419556,0.0013556480407714844,gp
1162,11.611936330795288,0.0018150806427001953,gp
1163,11.621420621871948,0.001300811767578125,gp
1164,11.634146451950073,0.0029001235961914062,gp
1165,11.642970323562622,0.0025556087493896484,gp
1166,11.652697563171387,0.0025751590728759766,gp
1167,11.663332462310791,0.003210306167602539,gp
1168,11.677545547485352,0.002401113510131836,gp
1169,11.681545495986938,0.001444101333618164,gp
1170,11.69165849685669,0.0015261173248291016,gp
1171,11.701483249664307,0.0013666152954101562,gp
1172,11.712092399597168,0.0014431476593017578,gp
1173,11.721407890319824,0.001306772232055664,gp
1174,11.732089519500732,0.001966714859008789,gp
1175,11.741491794586182,0.0013799667358398438,gp
1176,11.752990484237671,0.0014543533325195312,gp
1177,11.761508464813232,0.0013985633850097656,gp
1178,11.771658658981323,0.001544952392578125,gp
1179,11.781593084335327,0.0014867782592773438,gp
1180,11.793277978897095,0.0014200210571289062,gp
1181,11.801915407180786,0.00179290771484375,gp
1182,11.812759160995483,0.002643108367919922,gp
1183,11.828632593154907,0.008408069610595703,gp
1184,11.833484649658203,0.0025610923767089844,gp
1185,11.842668533325195,0.002546072006225586,gp
1186,11.852691173553467,0.0025713443756103516,gp
1187,11.86728811264038,0.0071544647216796875,gp
1188,11.873953580856323,0.002635955810546875,gp
1189,11.882723808288574,0.002576112747192383,gp
1190,11.89298963546753,0.002844572067260742,gp
1191,11.907989740371704,0.007858037948608398,gp
1192,11.913259983062744,0.002992391586303711,gp
1193,11.921446561813354,0.0013337135314941406,gp
1194,11.931524991989136,0.0014123916625976562,gp
1195,11.941428184509277,0.0013115406036376953,gp
1196,11.952856540679932,0.0016016960144042969,gp
1197,11.961581945419312,0.0014734268188476562,gp
1198,11.97184443473816,0.0016579627990722656,gp
1199,11.981530666351318,0.0014224052429199219,gp
1200,11.992468357086182,0.0013365745544433594,gp
1201,12.001413583755493,0.001299142837524414,gp
1202,12.011638402938843,0.0015299320220947266,gp
1203,12.021502494812012,0.0013878345489501953,gp
1204,12.032716274261475,0.0014841556549072266,gp
1205,12.041608333587646,0.0013785362243652344,gp
1206,12.051775693893433,0.0016551017761230469,gp
1207,12.061480283737183,0.0013720989227294922,gp
1208,12.073963403701782,0.0028197765350341797,gp
1209,12.082915782928467,0.002781391143798828,gp
1210,12.093005895614624,0.0026395320892333984,gp
1211,12.108829021453857,0.00870060920715332,gp
1212,12.114508152008057,0.0027313232421875,gp
1213,12.122710227966309,0.0025811195373535156,gp
1214,12.132875680923462,0.002753019332885742,gp
1215,12.152656078338623,0.012517929077148438,gp
1216,12.156667470932007,0.001443624496459961,gp
1217,12.161534309387207,0.0014295578002929688,gp
1218,12.171929836273193,0.0018162727355957031,gp
1219,12.181490421295166,0.0013666152954101562,gp
1220,12.192402839660645,0.002282381057739258,gp
1221,12.201470851898193,0.0013637542724609375,gp
1222,12.213139772415161,0.003013134002685547,gp
1223,12.22695255279541,0.006819963455200195,gp
1224,12.233909606933594,0.0037894248962402344,gp
1225,12.243154287338257,0.003015279769897461,gp
1226,12.253145694732666,0.0029611587524414062,gp
1227,12.27222490310669,0.012003183364868164,gp
1228,12.277589321136475,0.003874540328979492,gp
1229,12.281513929367065,0.0014030933380126953,gp
1230,12.291587829589844,0.0014781951904296875,gp
1231,12.30766224861145,0.00754237174987793,gp
1232,12.313100814819336,0.0026781558990478516,gp
1233,12.321804285049438,0.0016837120056152344,gp
1234,12.3316171169281,0.0015082359313964844,gp
1235,12.34146523475647,0.0013530254364013672,gp
1236,12.354089260101318,0.002917051315307617,gp
1237,12.36290192604065,0.0027780532836914062,gp
1238,12.372918367385864,0.0027761459350585938,gp
1239,12.391647815704346,0.011496305465698242,gp
1240,12.397419691085815,0.002901792526245117,gp
1241,12.402773141860962,0.0026366710662841797,gp
1242,12.412986993789673,0.0028388500213623047,gp
1243,12.42699122428894,0.006867885589599609,gp
1244,12.433935403823853,0.0028836727142333984,gp
1245,12.442737817764282,0.0026035308837890625,gp
1246,12.452975749969482,0.002853870391845703,gp
1247,12.468417644500732,0.008297443389892578,gp
1248,12.475074529647827,0.0019421577453613281,gp
1249,12.481671333312988,0.0012993812561035156,gp
1250,12.491796255111694,0.0016880035400390625,gp
1251,12.501458406448364,0.0013473033905029297,gp
1252,12.515089273452759,0.003584623336791992,gp
1253,12.521385431289673,0.0012888908386230469,gp
1254,12.532069683074951,0.001940011978149414,gp
1255,12.541412591934204,0.0013060569763183594,gp
1256,12.55846118927002,0.0032732486724853516,gp
1257,12.563077449798584,0.002744913101196289,gp
1258,12.573057413101196,0.0029299259185791016,gp
1259,12.582735061645508,0.0026128292083740234,gp
1261,12.605334043502808,0.001422882080078125,gp
1262,12.61205244064331,0.0019316673278808594,gp
1263,12.621457576751709,0.0013592243194580078,gp
1264,12.636636734008789,0.0013551712036132812,gp
1265,12.641575813293457,0.0014693737030029297,gp
1266,12.652996063232422,0.0028793811798095703,gp
1267,12.662774085998535,0.002648591995239258,gp
1269,12.684422254562378,0.003135204315185547,gp
1270,12.692925691604614,0.0027892589569091797,gp
1271,12.70169711112976,0.0013284683227539062,gp
1272,12.729679822921753,0.00719904899597168,gp
1274,12.733104228973389,0.0028853416442871094,gp
1275,12.742699384689331,0.0025849342346191406,gp
1276,12.752988815307617,0.002869844436645508,gp
1277,12.768792629241943,0.0022351741790771484,gp
1278,12.772174835205078,0.0020477771759033203,gp
1279,12.783700704574585,0.0035893917083740234,gp
1280,12.793242454528809,0.0030312538146972656,gp
1282,12.81568431854248,0.0033402442932128906,gp
1283,12.822932004928589,0.0027878284454345703,gp
1284,12.832811117172241,0.002644062042236328,gp
1285,12.844643354415894,0.0027430057525634766,gp
1286,12.853161811828613,0.003028392791748047,gp
1287,12.862700462341309,0.0025768280029296875,gp
1288,12.872967958450317,0.0028421878814697266,gp
1289,12.88748288154602,0.003064870834350586,gp
1290,12.892186403274536,0.0019609928131103516,gp
1291,12.901460647583008,0.0013535022735595703,gp
1292,12.912910461425781,0.002776622772216797,gp
1293,12.92755651473999,0.002695798873901367,gp
1294,12.931853771209717,0.0017101764678955078,gp
1295,12.942559242248535,0.002427816390991211,gp
1296,12.951874017715454,0.001741170883178711,gp
1297,12.968262910842896,0.004399299621582031,gp
1298,12.974569082260132,0.004443168640136719,gp
1299,12.982777118682861,0.0026438236236572266,gp
1300,12.99290132522583,0.0027437210083007812,gp
1301,13.009861946105957,0.0037012100219726562,gp
1302,13.013757944107056,0.002650022506713867,gp
1303,13.02159333229065,0.0014805793762207031,gp
1304,13.031679630279541,0.0015611648559570312,gp
1305,13.04155421257019,0.0014309883117675781,gp
1306,13.059025287628174,0.0041158199310302734,gp
1307,13.061599493026733,0.0014967918395996094,gp
1308,13.073205709457397,0.0030798912048339844,gp
1309,13.082851886749268,0.0027222633361816406,gp
1310,13.09850525856018,0.006356000900268555,gp
1311,13.106797695159912,0.0027167797088623047,gp
1312,13.113599061965942,0.002920389175415039,gp
1313,13.122771739959717,0.002636432647705078,gp
1314,13.136851787567139,0.004582643508911133,gp
1315,13.143934726715088,0.003730297088623047,gp
1316,13.151641845703125,0.0015213489532470703,gp
1317,13.161425352096558,0.0013184547424316406,gp
1318,13.172214031219482,0.0020651817321777344,gp
1319,13.184571981430054,0.00400233268737793,gp
1320,13.192900896072388,0.0027642250061035156,gp
1321,13.201545715332031,0.001394033432006836,gp
1322,13.212018489837646,0.0018889904022216797,gp
1323,13.224633932113647,0.0015239715576171875,gp
1324,13.231836557388306,0.0016977787017822266,gp
1325,13.241466522216797,0.0013353824615478516,gp
1326,13.25234317779541,0.002221345901489258,gp
1327,13.261885643005371,0.00142669677734375,gp
1328,13.272933959960938,0.0027976036071777344,gp
1329,13.283425092697144,0.003290414810180664,gp
1330,13.292833805084229,0.0027022361755371094,gp
1331,13.30705714225769,0.003906726837158203,gp
1332,13.31294560432434,0.0028183460235595703,gp
1333,13.32307505607605,0.0029366016387939453,gp
1334,13.332889556884766,0.0027484893798828125,gp
1335,13.345336437225342,0.003322124481201172,gp
1336,13.35285472869873,0.0027174949645996094,gp
1337,13.361856937408447,0.0013971328735351562,gp
1338,13.372155904769897,0.0020351409912109375,gp
1339,13.381685018539429,0.0013418197631835938,gp
1340,13.393471717834473,0.0033512115478515625,gp
1341,13.403197526931763,0.0030634403228759766,gp
1342,13.412822723388672,0.0026962757110595703,gp
1343,13.427509307861328,0.004047393798828125,gp
1344,13.432837009429932,0.0026998519897460938,gp
1345,13.44274353981018,0.002616405487060547,gp
1346,13.452827453613281,0.0027053356170654297,gp
1347,13.467884540557861,0.0021157264709472656,gp
1348,13.472992897033691,0.002872467041015625,gp
1349,13.483355045318604,0.0032300949096679688,gp
1350,13.493107557296753,0.0029511451721191406,gp
1351,13.50446081161499,0.0038068294525146484,gp
1352,13.512720346450806,0.002594470977783203,gp
1353,13.522819995880127,0.002686738967895508,gp
1354,13.532950639724731,0.0028221607208251953,gp
1355,13.542470455169678,0.002002239227294922,gp
1356,13.553308963775635,0.003171205520629883,gp
1357,13.562863111495972,0.0027284622192382812,gp
1358,13.57281494140625,0.0026879310607910156,gp
1359,13.583009243011475,0.0022878646850585938,gp
1360,13.592588186264038,0.0024454593658447266,gp
1361,13.601659536361694,0.001550436019897461,gp
1362,13.612867832183838,0.002746105194091797,gp
1363,13.628442287445068,0.0053365230560302734,gp
1364,13.632843017578125,0.0027065277099609375,gp
1365,13.643019676208496,0.002894163131713867,gp
1366,13.653115272521973,0.0029764175415039062,gp
1367,13.663614273071289,0.0034554004669189453,gp
1368,13.673019409179688,0.002897024154663086,gp
1369,13.681508779525757,0.001360177993774414,gp
1370,13.692033052444458,0.0019092559814453125,gp
1371,13.701966762542725,0.001680135726928711,gp
1372,13.713371515274048,0.0032372474670410156,gp
1373,13.723086595535278,0.0029320716857910156,gp
1374,13.73298716545105,0.0028581619262695312,gp
1375,13.743282318115234,0.0029053688049316406,gp
1376,13.75203537940979,0.001903533935546875,gp
1377,13.761482238769531,0.001367807388305664,gp
1378,13.772028923034668,0.001905202865600586,gp
1379,13.78192663192749,0.0014564990997314453,gp
1380,13.791629791259766,0.0015146732330322266,gp
1381,13.802214860916138,0.0018587112426757812,gp
