index,time,exe_time
1,0.16068720817565918,0.0007610321044921875
2,0.16150927543640137,0.0007576942443847656
3,0.17180538177490234,0.00098419189453125
4,0.18182945251464844,0.0009613037109375
5,0.19161581993103027,0.0007874965667724609
6,0.20241475105285645,0.0015323162078857422
7,0.2116718292236328,0.0008294582366943359
8,0.22182869911193848,0.0009796619415283203
9,0.23169875144958496,0.0008614063262939453
10,0.2440791130065918,0.0007965564727783203
11,0.25171923637390137,0.0008776187896728516
12,0.2618544101715088,0.0009706020355224609
13,0.2718648910522461,0.0010254383087158203
14,0.28511595726013184,0.0009241104125976562
15,0.29204368591308594,0.0012056827545166016
16,0.3017616271972656,0.0009145736694335938
17,0.31166982650756836,0.0008144378662109375
18,0.3242025375366211,0.0007927417755126953
19,0.3316211700439453,0.000804901123046875
20,0.3422222137451172,0.0013720989227294922
21,0.3516271114349365,0.000812530517578125
22,0.363055944442749,0.000766754150390625
23,0.37177419662475586,0.0009298324584960938
24,0.38216614723205566,0.0013079643249511719
25,0.39167046546936035,0.0008385181427001953
26,0.4037292003631592,0.0008761882781982422
27,0.41169309616088867,0.0008356571197509766
28,0.42165446281433105,0.0007987022399902344
29,0.4316844940185547,0.0008566379547119141
30,0.4442439079284668,0.0009996891021728516
31,0.451657772064209,0.0008203983306884766
32,0.46173691749572754,0.0008909702301025391
33,0.4718937873840332,0.0010404586791992188
34,0.483797550201416,0.0009238719940185547
35,0.4916870594024658,0.0008606910705566406
36,0.5022282600402832,0.0013914108276367188
37,0.5117096900939941,0.0008637905120849609
38,0.524632453918457,0.001619577407836914
39,0.5317094326019287,0.0008685588836669922
40,0.5421264171600342,0.001283407211303711
41,0.5516295433044434,0.0008015632629394531
42,0.5637307167053223,0.001461029052734375
43,0.5722963809967041,0.0014293193817138672
44,0.5824413299560547,0.0015783309936523438
45,0.591651439666748,0.0008108615875244141
46,0.6046836376190186,0.0015835762023925781
47,0.6116735935211182,0.0008308887481689453
48,0.6223182678222656,0.0014712810516357422
49,0.6316907405853271,0.0008215904235839844
50,0.6491134166717529,0.0007832050323486328
51,0.6516520977020264,0.0007846355438232422
52,0.6620526313781738,0.0011811256408691406
53,0.6716916561126709,0.0008327960968017578
54,0.6834428310394287,0.0007994174957275391
55,0.6916489601135254,0.0008308887481689453
56,0.7016522884368896,0.0008258819580078125
57,0.7116649150848389,0.0008301734924316406
58,0.7236156463623047,0.0014872550964355469
59,0.7338886260986328,0.0030646324157714844
60,0.7421908378601074,0.0013616085052490234
61,0.7516324520111084,0.0007917881011962891
62,0.7646613121032715,0.0015742778778076172
63,0.7717211246490479,0.0009036064147949219
64,0.7816162109375,0.0007736682891845703
65,0.7916908264160156,0.0008671283721923828
66,0.8028767108917236,0.0008447170257568359
67,0.8116464614868164,0.0008256435394287109
68,0.8217825889587402,0.0009386539459228516
69,0.8316233158111572,0.0007915496826171875
70,0.8430836200714111,0.0007998943328857422
71,0.8515937328338623,0.0007760524749755859
72,0.8617327213287354,0.0008764266967773438
73,0.872401237487793,0.0015633106231689453
74,0.8836641311645508,0.0016276836395263672
75,0.8916728496551514,0.0008370876312255859
76,0.90165114402771,0.0008370876312255859
77,0.9118084907531738,0.000989675521850586
78,0.9267573356628418,0.0020036697387695312
79,0.9316301345825195,0.0007908344268798828
80,0.9416203498840332,0.0007905960083007812
81,0.9516520500183105,0.0008189678192138672
82,0.9628312587738037,0.0008723735809326172
83,0.9716880321502686,0.0008597373962402344
84,0.981696605682373,0.0008249282836914062
85,0.9916799068450928,0.0008513927459716797
86,1.0040843486785889,0.0021352767944335938
87,1.0116379261016846,0.0008111000061035156
88,1.0218138694763184,0.0008730888366699219
89,1.0316576957702637,0.0008308887481689453
90,1.0439393520355225,0.0007998943328857422
91,1.0516574382781982,0.0008294582366943359
92,1.0616464614868164,0.0008285045623779297
93,1.0716147422790527,0.0007712841033935547
94,1.083268404006958,0.0008683204650878906
95,1.0916681289672852,0.0008478164672851562
96,1.1016771793365479,0.0008263587951660156
97,1.1116302013397217,0.000804901123046875
98,1.1225502490997314,0.0008308887481689453
99,1.1316442489624023,0.0008175373077392578
100,1.1417250633239746,0.0008776187896728516
101,1.151782512664795,0.0009481906890869141
102,1.164017677307129,0.0011551380157470703
103,1.171844482421875,0.0009987354278564453
104,1.1818478107452393,0.000982522964477539
105,1.1917550563812256,0.0009264945983886719
106,1.2050011157989502,0.000934600830078125
107,1.2118198871612549,0.0009856224060058594
108,1.2218108177185059,0.0009548664093017578
109,1.2317686080932617,0.000934600830078125
110,1.2487788200378418,0.002111673355102539
111,1.251739501953125,0.0009162425994873047
112,1.2617487907409668,0.0009253025054931641
113,1.2718470096588135,0.001001596450805664
114,1.2833757400512695,0.0009777545928955078
115,1.2922217845916748,0.0013844966888427734
116,1.3018739223480225,0.0010294914245605469
117,1.311842679977417,0.0010004043579101562
118,1.3236234188079834,0.0009756088256835938
119,1.331758975982666,0.0009279251098632812
120,1.3417682647705078,0.0009360313415527344
121,1.3517553806304932,0.0009293556213378906
122,1.3637964725494385,0.000985860824584961
123,1.3719427585601807,0.001096487045288086
124,1.3818960189819336,0.0010485649108886719
125,1.392338752746582,0.001493215560913086
126,1.4061036109924316,0.000993490219116211
127,1.4117796421051025,0.0009474754333496094
128,1.423170804977417,0.0010519027709960938
129,1.4317877292633057,0.0009589195251464844
130,1.4449286460876465,0.0009222030639648438
131,1.4517664909362793,0.0009374618530273438
132,1.461836576461792,0.0009610652923583984
133,1.4718568325042725,0.0010194778442382812
134,1.484187126159668,0.0009262561798095703
135,1.4917950630187988,0.0009720325469970703
136,1.5019142627716064,0.0010423660278320312
137,1.5117995738983154,0.0009527206420898438
138,1.5251657962799072,0.0018529891967773438
139,1.5320022106170654,0.0011343955993652344
140,1.5418798923492432,0.0010440349578857422
141,1.5517959594726562,0.0009615421295166016
142,1.5678670406341553,0.002191781997680664
143,1.571871042251587,0.001043558120727539
144,1.5818507671356201,0.0010154247283935547
145,1.5918574333190918,0.0010197162628173828
146,1.6036055088043213,0.000982046127319336
147,1.611767053604126,0.0009253025054931641
148,1.6220781803131104,0.0012350082397460938
149,1.6318213939666748,0.0009720325469970703
150,1.643204927444458,0.0012128353118896484
151,1.6520068645477295,0.0011615753173828125
152,1.6619391441345215,0.0010995864868164062
153,1.6750900745391846,0.004147052764892578
154,1.7068347930908203,0.025847911834716797
155,1.7156736850738525,0.008666038513183594
156,1.7179555892944336,0.0021698474884033203
157,1.7198090553283691,0.0017697811126708984
158,1.7279212474822998,0.0008985996246337891
159,1.735163688659668,0.0009255409240722656
160,1.7417163848876953,0.0008540153503417969
161,1.7523229122161865,0.0014843940734863281
162,1.76176118850708,0.0008971691131591797
163,1.7759230136871338,0.0008924007415771484
164,1.7822179794311523,0.0013718605041503906
165,1.7916765213012695,0.0008332729339599609
166,1.8021984100341797,0.0013775825500488281
167,1.816756248474121,0.0016040802001953125
168,1.8222155570983887,0.0013959407806396484
169,1.831662893295288,0.0008282661437988281
170,1.8422846794128418,0.0014374256134033203
171,1.8577501773834229,0.004052877426147461
172,1.8623995780944824,0.001544952392578125
173,1.8716557025909424,0.0008220672607421875
174,1.8823018074035645,0.0014753341674804688
175,1.8948945999145508,0.0007877349853515625
176,1.9017229080200195,0.0008924007415771484
177,1.9116673469543457,0.0008356571197509766
178,1.9216833114624023,0.0008599758148193359
179,1.935293197631836,0.0008471012115478516
180,1.9433259963989258,0.0015180110931396484
181,1.9516541957855225,0.0008232593536376953
182,1.9616115093231201,0.0007901191711425781
183,1.9752357006072998,0.0007901191711425781
184,1.9817512035369873,0.0008935928344726562
185,1.9916801452636719,0.0008294582366943359
186,2.0016696453094482,0.0008461475372314453
187,2.014997959136963,0.0008418560028076172
188,2.0216383934020996,0.0007860660552978516
189,2.031761407852173,0.0009126663208007812
190,2.0416762828826904,0.0008459091186523438
191,2.0549795627593994,0.0008120536804199219
192,2.0617740154266357,0.0009169578552246094
193,2.0716538429260254,0.0008251667022705078
194,2.0825719833374023,0.0008060932159423828
195,2.0954058170318604,0.0009415149688720703
196,2.1017043590545654,0.0008761882781982422
197,2.111614465713501,0.0007889270782470703
198,2.121702194213867,0.0008857250213623047
199,2.141282558441162,0.002524137496948242
200,2.142362117767334,0.0010063648223876953
201,2.1517679691314697,0.0009367465972900391
202,2.1618406772613525,0.0010094642639160156
203,2.1823525428771973,0.007080078125
204,2.1833231449127197,0.0009059906005859375
205,2.1917901039123535,0.0009591579437255859
206,2.201890468597412,0.0010151863098144531
207,2.2160799503326416,0.0007944107055664062
208,2.2233362197875977,0.0007810592651367188
209,2.2316274642944336,0.00080108642578125
210,2.241780996322632,0.0009548664093017578
211,2.254514217376709,0.0007853507995605469
212,2.261752128601074,0.000919342041015625
213,2.271627426147461,0.0007939338684082031
214,2.2817234992980957,0.0009005069732666016
215,2.295194149017334,0.0015072822570800781
216,2.301600933074951,0.0007729530334472656
217,2.3116211891174316,0.0008032321929931641
218,2.321676254272461,0.0008571147918701172
219,2.3343300819396973,0.0007860660552978516
220,2.341649055480957,0.0008285045623779297
221,2.351642608642578,0.0008192062377929688
222,2.361762046813965,0.0009377002716064453
223,2.375004768371582,0.0008542537689208984
224,2.3817718029022217,0.0009138584136962891
225,2.3917429447174072,0.000911712646484375
226,2.4032485485076904,0.0011348724365234375
227,2.4164180755615234,0.002830982208251953
228,2.421833038330078,0.000972747802734375
229,2.4317541122436523,0.0009214878082275391
230,2.4417531490325928,0.0009238719940185547
231,2.4562466144561768,0.0017189979553222656
232,2.461699962615967,0.000865936279296875
233,2.471691131591797,0.0008575916290283203
234,2.481767416000366,0.0009415149688720703
235,2.4957468509674072,0.0009315013885498047
236,2.5016729831695557,0.0008275508880615234
237,2.5117547512054443,0.0009021759033203125
238,2.521852731704712,0.0010075569152832031
239,2.5353870391845703,0.0009438991546630859
240,2.5437395572662354,0.0008792877197265625
241,2.551736354827881,0.0009059906005859375
242,2.56172513961792,0.0009007453918457031
243,2.5746889114379883,0.00091552734375
244,2.5817956924438477,0.000942230224609375
245,2.5917224884033203,0.0008940696716308594
246,2.6018104553222656,0.0009746551513671875
247,2.6160056591033936,0.0008707046508789062
248,2.6217434406280518,0.0008993148803710938
249,2.631727933883667,0.0008780956268310547
250,2.641857385635376,0.0010383129119873047
251,2.6554934978485107,0.0009336471557617188
252,2.6618685722351074,0.0010416507720947266
253,2.6717705726623535,0.000942230224609375
254,2.6837592124938965,0.0010838508605957031
255,2.696943998336792,0.001775979995727539
256,2.701855182647705,0.0010273456573486328
257,2.7118403911590576,0.0010027885437011719
258,2.7220981121063232,0.0012667179107666016
259,2.737306594848633,0.0009212493896484375
260,2.741971254348755,0.0011463165283203125
261,2.7518246173858643,0.0009801387786865234
262,2.7618629932403564,0.0010347366333007812
263,2.776242733001709,0.0009555816650390625
264,2.781933069229126,0.0009272098541259766
265,2.7917966842651367,0.0009675025939941406
266,2.8019888401031494,0.001138448715209961
267,2.8167574405670166,0.002551555633544922
268,2.8231794834136963,0.0009312629699707031
269,2.8318090438842773,0.0009756088256835938
270,2.842710494995117,0.001874685287475586
271,2.8556904792785645,0.0009374618530273438
272,2.8617725372314453,0.0009381771087646484
273,2.8725240230560303,0.0016782283782958984
274,2.881915330886841,0.0010395050048828125
275,2.8967456817626953,0.0018820762634277344
276,2.9024100303649902,0.0015621185302734375
277,2.911792755126953,0.000942230224609375
278,2.9218311309814453,0.001005411148071289
279,2.9371325969696045,0.0009264945983886719
280,2.9424097537994385,0.0015828609466552734
281,2.951829195022583,0.0009906291961669922
282,2.9632408618927,0.0009438991546630859
283,2.9766883850097656,0.0017423629760742188
284,2.9818360805511475,0.0009739398956298828
285,2.9917314052581787,0.0009107589721679688
286,3.001866102218628,0.0010368824005126953
287,3.017979621887207,0.0017275810241699219
288,3.0218517780303955,0.0010275840759277344
289,3.0318753719329834,0.0010180473327636719
290,3.0419857501983643,0.0011241436004638672
291,3.058605194091797,0.0009570121765136719
292,3.0620791912078857,0.0009949207305908203
293,3.071870803833008,0.0010211467742919922
294,3.08186936378479,0.0010280609130859375
295,3.0992095470428467,0.0018436908721923828
296,3.103156566619873,0.0019927024841308594
297,3.111762523651123,0.0009310245513916016
298,3.1226985454559326,0.0018444061279296875
299,3.136495590209961,0.0009315013885498047
300,3.1417598724365234,0.0009372234344482422
301,3.151773691177368,0.0009489059448242188
302,3.1619482040405273,0.001081705093383789
303,3.175417900085449,0.0009970664978027344
304,3.1818392276763916,0.001012563705444336
305,3.191812515258789,0.0009477138519287109
306,3.2027764320373535,0.0019195079803466797
307,3.216919183731079,0.002744436264038086
308,3.222673177719116,0.0018115043640136719
309,3.2317957878112793,0.0009543895721435547
310,3.242647171020508,0.0018208026885986328
311,3.255955457687378,0.0010225772857666016
312,3.261843204498291,0.001013040542602539
313,3.2717552185058594,0.0009174346923828125
314,3.281818151473999,0.000989675521850586
315,3.2970023155212402,0.001779317855834961
316,3.301776885986328,0.0009198188781738281
317,3.3117525577545166,0.0009191036224365234
318,3.3218064308166504,0.0009751319885253906
319,3.337315797805786,0.0009236335754394531
320,3.3417420387268066,0.0009026527404785156
321,3.352287769317627,0.001444101333618164
322,3.3618884086608887,0.0010576248168945312
323,3.376997470855713,0.0013668537139892578
324,3.3847479820251465,0.0009284019470214844
325,3.391801595687866,0.0009763240814208984
326,3.401796817779541,0.0009603500366210938
327,3.416579008102417,0.0019030570983886719
328,3.421823501586914,0.0009801387786865234
329,3.431774616241455,0.0009458065032958984
330,3.4426968097686768,0.0018417835235595703
331,3.4563045501708984,0.0009162425994873047
332,3.461824893951416,0.0009911060333251953
333,3.4718191623687744,0.0009770393371582031
334,3.482161045074463,0.0013234615325927734
335,3.4967041015625,0.0009503364562988281
336,3.501753091812134,0.0009207725524902344
337,3.51182222366333,0.0009849071502685547
338,3.5220086574554443,0.00115966796875
339,3.5373106002807617,0.0009319782257080078
340,3.5419139862060547,0.0010752677917480469
341,3.551785707473755,0.0009517669677734375
342,3.563678741455078,0.0012063980102539062
343,3.5792088508605957,0.002378225326538086
344,3.5818393230438232,0.0010035037994384766
345,3.591809034347534,0.0009734630584716797
346,3.6018290519714355,0.0009965896606445312
347,3.6191537380218506,0.003246784210205078
348,3.623027801513672,0.0017156600952148438
349,3.6318042278289795,0.0009391307830810547
350,3.6418631076812744,0.0009942054748535156
351,3.6564831733703613,0.0009057521820068359
352,3.667780637741089,0.0009083747863769531
353,3.672550678253174,0.0009503364562988281
354,3.681783437728882,0.0009176731109619141
355,3.691741466522217,0.0009136199951171875
356,3.7018837928771973,0.0010485649108886719
357,3.7192609310150146,0.004316568374633789
358,3.7229113578796387,0.002051115036010742
359,3.7318203449249268,0.0009434223175048828
360,3.7419111728668213,0.0010457038879394531
361,3.7517755031585693,0.0009326934814453125
362,3.763967990875244,0.0023369789123535156
363,3.7717738151550293,0.0009355545043945312
364,3.7818310260772705,0.0010058879852294922
365,3.7947912216186523,0.003965854644775391
366,3.8024115562438965,0.0009772777557373047
367,3.811782121658325,0.0009467601776123047
368,3.821963310241699,0.0010986328125
369,3.8318986892700195,0.0010614395141601562
370,3.8453149795532227,0.0009138584136962891
371,3.851851224899292,0.000995635986328125
372,3.86196231842041,0.001088857650756836
373,3.8718552589416504,0.0010111331939697266
374,3.8828070163726807,0.0017521381378173828
375,3.892042875289917,0.001199483871459961
376,3.9018213748931885,0.0009534358978271484
377,3.9118432998657227,0.001005411148071289
378,3.9218103885650635,0.0009763240814208984
379,3.9316396713256836,0.0008130073547363281
380,3.941720724105835,0.0008993148803710938
381,3.9516234397888184,0.0008044242858886719
382,3.961729049682617,0.0008928775787353516
383,3.9716248512268066,0.0007975101470947266
384,3.9832513332366943,0.0008187294006347656
385,3.991654396057129,0.0008270740509033203
386,4.001717567443848,0.0008883476257324219
387,4.011699199676514,0.0008699893951416016
388,4.021742820739746,0.0008869171142578125
389,4.031688690185547,0.0008394718170166016
390,4.042237281799316,0.0014066696166992188
391,4.051656246185303,0.0008342266082763672
392,4.06170392036438,0.0008709430694580078
393,4.071665048599243,0.0008399486541748047
394,4.081641435623169,0.0008211135864257812
395,4.091704845428467,0.0008664131164550781
396,4.101717948913574,0.000888824462890625
397,4.111655235290527,0.0008332729339599609
398,4.121622085571289,0.0007736682891845703
399,4.131648778915405,0.0008273124694824219
400,4.141688823699951,0.0008568763732910156
401,4.157467603683472,0.006516456604003906
402,4.16989541053772,0.0037462711334228516
403,4.191914796829224,0.01568603515625
404,4.19425892829895,0.002220630645751953
405,4.195585250854492,0.0012483596801757812
406,4.207817554473877,0.001107931137084961
407,4.211875677108765,0.001035928726196289
408,4.22168231010437,0.0008487701416015625
409,4.231671094894409,0.0008401870727539062
410,4.243109226226807,0.0011382102966308594
411,4.251994848251343,0.0008435249328613281
412,4.26163649559021,0.0008008480072021484
413,4.271668195724487,0.0008451938629150391
414,4.28167462348938,0.0008213520050048828
415,4.2920873165130615,0.0010857582092285156
416,4.3016228675842285,0.0008022785186767578
417,4.311671257019043,0.0008096694946289062
418,4.321709394454956,0.0008571147918701172
419,4.333102226257324,0.0007619857788085938
420,4.341717958450317,0.0008869171142578125
421,4.351650714874268,0.0008203983306884766
422,4.361989259719849,0.0011439323425292969
423,4.3716020584106445,0.0007834434509277344
424,4.381666898727417,0.0008394718170166016
425,4.391659259796143,0.0008256435394287109
426,4.401687383651733,0.0008420944213867188
427,4.411853313446045,0.0009253025054931641
428,4.421691417694092,0.0008332729339599609
429,4.431657314300537,0.0008170604705810547
430,4.441906690597534,0.001077890396118164
431,4.451698541641235,0.0008685588836669922
432,4.462940692901611,0.0011348724365234375
433,4.471626281738281,0.0007998943328857422
434,4.482253789901733,0.0014050006866455078
435,4.491605758666992,0.0007722377777099609
436,4.502137660980225,0.0012888908386230469
437,4.511667251586914,0.0007905960083007812
438,4.522294998168945,0.0014462471008300781
439,4.532003402709961,0.0008318424224853516
440,4.542523145675659,0.0016644001007080078
441,4.554189443588257,0.003362894058227539
442,4.561692714691162,0.0008695125579833984
443,4.571771621704102,0.0008933544158935547
444,4.581721305847168,0.0008728504180908203
445,4.5916523933410645,0.0008056163787841797
446,4.603715658187866,0.0009393692016601562
447,4.612836837768555,0.0016770362854003906
448,4.621851921081543,0.0009937286376953125
449,4.631811141967773,0.0009775161743164062
450,4.641883850097656,0.0010404586791992188
451,4.6540913581848145,0.0009112358093261719
452,4.661791801452637,0.0009524822235107422
453,4.671838760375977,0.0009999275207519531
454,4.681912183761597,0.0010752677917480469
455,4.692327976226807,0.0009157657623291016
456,4.701782464981079,0.0009291172027587891
457,4.7117767333984375,0.0009479522705078125
458,4.721825838088989,0.0009996891021728516
459,4.7329535484313965,0.0019578933715820312
460,4.7418553829193115,0.0010223388671875
461,4.751892566680908,0.0010266304016113281
462,4.761857271194458,0.000989675521850586
463,4.7730231285095215,0.0017697811126708984
464,4.783405780792236,0.0009491443634033203
465,4.791807651519775,0.0009744167327880859
466,4.802718162536621,0.0018839836120605469
467,4.8127875328063965,0.0009112358093261719
468,4.821937561035156,0.0010840892791748047
469,4.831799507141113,0.0009312629699707031
470,4.841829776763916,0.00099945068359375
471,4.852424144744873,0.0008997917175292969
472,4.861949920654297,0.0010805130004882812
473,4.87172794342041,0.0008952617645263672
474,4.881746053695679,0.0008916854858398438
475,4.89202618598938,0.0009684562683105469
476,4.901841640472412,0.0010120868682861328
477,4.9118475914001465,0.0009737014770507812
478,4.921802520751953,0.0009377002716064453
479,4.932023286819458,0.0009171962738037109
480,4.942623853683472,0.0017898082733154297
481,4.951892852783203,0.0010192394256591797
482,4.961816310882568,0.0009846687316894531
483,4.972777843475342,0.0009036064147949219
484,4.981842994689941,0.0010161399841308594
485,4.991927146911621,0.0010747909545898438
486,5.003629922866821,0.0009014606475830078
487,5.01312255859375,0.0009055137634277344
488,5.022690296173096,0.0018558502197265625
489,5.031792879104614,0.0009555816650390625
490,5.042666435241699,0.0018129348754882812
491,5.05734658241272,0.0030193328857421875
492,5.062570333480835,0.001722574234008789
493,5.080671787261963,0.009671688079833984
494,5.105197429656982,0.024277687072753906
495,5.113603830337524,0.008291244506835938
496,5.1148295402526855,0.0011494159698486328
497,5.116023302078247,0.0011372566223144531
498,5.124413013458252,0.0009927749633789062
499,5.1327948570251465,0.0008738040924072266
500,5.141687870025635,0.0008563995361328125
501,5.151636123657227,0.0008130073547363281
502,5.161652565002441,0.0008327960968017578
503,5.1734068393707275,0.0024573802947998047
504,5.18164324760437,0.0007994174957275391
505,5.19178032875061,0.0009555816650390625
506,5.20162034034729,0.0007977485656738281
507,5.214922904968262,0.0014014244079589844
508,5.221728324890137,0.0008945465087890625
509,5.231705904006958,0.0008492469787597656
510,5.241785049438477,0.0009391307830810547
511,5.251666069030762,0.0008387565612792969
512,5.261653184890747,0.0008158683776855469
513,5.271697759628296,0.0008394718170166016
514,5.2816338539123535,0.0008084774017333984
515,5.291638374328613,0.0007901191711425781
516,5.305084943771362,0.0009133815765380859
517,5.311654090881348,0.0008273124694824219
518,5.321676731109619,0.0008547306060791016
519,5.331784009933472,0.0009531974792480469
520,5.341770648956299,0.0009009838104248047
521,5.351643800735474,0.0008182525634765625
522,5.361614942550659,0.0007984638214111328
523,5.372049808502197,0.0012230873107910156
524,5.381678819656372,0.0008451938629150391
525,5.391591310501099,0.0007755756378173828
526,5.401655197143555,0.0007898807525634766
527,5.411616086959839,0.0007989406585693359
528,5.421648979187012,0.0008311271667480469
529,5.432566404342651,0.0017147064208984375
530,5.444213390350342,0.0014581680297851562
531,5.451603651046753,0.0007517337799072266
532,5.46161675453186,0.0008008480072021484
533,5.471771478652954,0.0009467601776123047
534,5.481590747833252,0.0007698535919189453
535,5.491902828216553,0.0007827281951904297
536,5.501655578613281,0.0008208751678466797
537,5.511645793914795,0.000820159912109375
538,5.5217132568359375,0.0008902549743652344
539,5.533547878265381,0.0007977485656738281
540,5.541718244552612,0.0008921623229980469
541,5.551636695861816,0.0008158683776855469
542,5.561684846878052,0.0008602142333984375
543,5.571604251861572,0.0007846355438232422
544,5.581619739532471,0.0007812976837158203
545,5.59238076210022,0.0015397071838378906
546,5.601629734039307,0.0007932186126708984
547,5.611626625061035,0.0007987022399902344
548,5.622159004211426,0.0013308525085449219
549,5.631623029708862,0.0007936954498291016
550,5.6416239738464355,0.0008053779602050781
551,5.651727676391602,0.0009026527404785156
552,5.662937641143799,0.0008335113525390625
553,5.671660900115967,0.0008399486541748047
554,5.681694984436035,0.0008718967437744141
555,5.691657304763794,0.0008096694946289062
556,5.701601505279541,0.0007781982421875
557,5.711641073226929,0.0008206367492675781
558,5.721679925918579,0.0008361339569091797
559,5.731966972351074,0.0011439323425292969
560,5.741621971130371,0.0007872581481933594
561,5.751939296722412,0.0011098384857177734
562,5.761651515960693,0.0007891654968261719
563,5.77173113822937,0.0009157657623291016
564,5.782265663146973,0.00144195556640625
565,5.791661977767944,0.0008287429809570312
566,5.801625728607178,0.0007767677307128906
567,5.811698913574219,0.0008795261383056641
568,5.821715354919434,0.0008704662322998047
569,5.8317155838012695,0.0008919239044189453
570,5.841645002365112,0.0008344650268554688
571,5.851809740066528,0.0009837150573730469
572,5.8617024421691895,0.0008764266967773438
573,5.8717076778411865,0.0008897781372070312
574,5.881730079650879,0.0008673667907714844
575,5.891700744628906,0.0008392333984375
576,5.901723861694336,0.0009052753448486328
577,5.9117255210876465,0.0008988380432128906
578,5.921682119369507,0.0008494853973388672
579,5.9336302280426025,0.0008842945098876953
580,5.9423863887786865,0.0015633106231689453
581,5.951831579208374,0.0009622573852539062
582,5.961836338043213,0.0010023117065429688
583,5.976171493530273,0.005318403244018555
584,5.981966495513916,0.0010907649993896484
585,5.9918904304504395,0.0010564327239990234
586,6.001891136169434,0.0010521411895751953
587,6.012101411819458,0.0010585784912109375
588,6.0218377113342285,0.0010063648223876953
589,6.0318849086761475,0.0010519027709960938
590,6.042134761810303,0.0012841224670410156
591,6.051936864852905,0.0010533332824707031
592,6.064553260803223,0.0010874271392822266
593,6.071878910064697,0.001035451889038086
594,6.081920146942139,0.0010709762573242188
595,6.091827154159546,0.0010051727294921875
596,6.101948976516724,0.0011174678802490234
597,6.1118738651275635,0.0010373592376708984
598,6.121906280517578,0.0010764598846435547
599,6.13188099861145,0.0010235309600830078
600,6.141939163208008,0.0010912418365478516
601,6.151857137680054,0.0010166168212890625
602,6.161910772323608,0.0010747909545898438
603,6.17385196685791,0.0023505687713623047
604,6.1819007396698,0.0010602474212646484
605,6.191878080368042,0.0010492801666259766
606,6.201927661895752,0.0010924339294433594
607,6.212282180786133,0.0010526180267333984
608,6.221977710723877,0.0011358261108398438
609,6.231958627700806,0.0011179447174072266
610,6.244550466537476,0.0015053749084472656
611,6.253607511520386,0.0020248889923095703
612,6.262113571166992,0.001260995864868164
613,6.272198438644409,0.0013265609741210938
614,6.282088041305542,0.0012288093566894531
615,6.294113636016846,0.001020669937133789
616,6.302033424377441,0.0011801719665527344
617,6.31209135055542,0.0012216567993164062
618,6.322019577026367,0.0011394023895263672
619,6.332024574279785,0.0010764598846435547
620,6.341941595077515,0.0010879039764404297
621,6.35189962387085,0.001062154769897461
622,6.3620758056640625,0.0012295246124267578
623,6.373199224472046,0.002069234848022461
624,6.381963014602661,0.0011074542999267578
625,6.391937732696533,0.0010678768157958984
626,6.402033090591431,0.0011773109436035156
627,6.413614988327026,0.002258777618408203
628,6.4238762855529785,0.0011146068572998047
629,6.431905746459961,0.0010645389556884766
630,6.441981554031372,0.0011179447174072266
631,6.454021453857422,0.0022919178009033203
632,6.462088346481323,0.0012171268463134766
633,6.471904277801514,0.001073598861694336
634,6.482033729553223,0.0011937618255615234
635,6.493804454803467,0.0027456283569335938
636,6.501992702484131,0.0011255741119384766
637,6.511931896209717,0.00109100341796875
638,6.5219810009002686,0.001125335693359375
639,6.532604217529297,0.0016493797302246094
640,6.542368650436401,0.0015039443969726562
641,6.551926851272583,0.0010864734649658203
642,6.5635857582092285,0.0010271072387695312
643,6.5733442306518555,0.0022165775299072266
644,6.581902027130127,0.0010693073272705078
645,6.591898679733276,0.0010602474212646484
646,6.601868152618408,0.0010390281677246094
647,6.616886854171753,0.003767728805541992
648,6.621882200241089,0.0010418891906738281
649,6.631859540939331,0.0010297298431396484
650,6.641867160797119,0.001039266586303711
651,6.656205654144287,0.0010232925415039062
652,6.661996126174927,0.0011637210845947266
653,6.671885967254639,0.0010535717010498047
654,6.681908369064331,0.0010652542114257812
655,6.69185996055603,0.0010380744934082031
656,6.70198130607605,0.0011522769927978516
657,6.711913108825684,0.0010724067687988281
658,6.721938133239746,0.001100301742553711
659,6.7340521812438965,0.0030384063720703125
660,6.743473291397095,0.0010151863098144531
661,6.751849174499512,0.0010173320770263672
662,6.761895179748535,0.0010657310485839844
663,6.771925449371338,0.0010118484497070312
664,6.781946420669556,0.0011093616485595703
665,6.791895151138306,0.0010650157928466797
666,6.801912546157837,0.0010640621185302734
667,6.813734531402588,0.0019288063049316406
668,6.822117328643799,0.0012593269348144531
669,6.832109451293945,0.0012450218200683594
670,6.842017412185669,0.0011591911315917969
671,6.851908206939697,0.0010628700256347656
672,6.861873626708984,0.001041412353515625
673,6.871932506561279,0.001096963882446289
674,6.881900072097778,0.0010635852813720703
675,6.891817092895508,0.000993967056274414
676,6.90189266204834,0.0010628700256347656
677,6.9119062423706055,0.0010640621185302734
678,6.923835515975952,0.001032114028930664
679,6.932274341583252,0.001031637191772461
680,6.941979169845581,0.0011370182037353516
681,6.951889514923096,0.0010509490966796875
682,6.961904287338257,0.0010616779327392578
683,6.974124908447266,0.0009984970092773438
684,6.982050895690918,0.001191854476928711
685,6.99202299118042,0.001188039779663086
686,7.002000570297241,0.0011146068572998047
687,7.012627601623535,0.0014226436614990234
688,7.022339344024658,0.001077413558959961
689,7.031895160675049,0.001049041748046875
690,7.042046546936035,0.0011951923370361328
691,7.0518574714660645,0.0010268688201904297
692,7.062108755111694,0.0010046958923339844
693,7.07189154624939,0.0010576248168945312
694,7.082043647766113,0.0011947154998779297
695,7.091839790344238,0.001012563705444336
696,7.10421895980835,0.001068115234375
697,7.111870050430298,0.00102996826171875
698,7.121851444244385,0.0010182857513427734
699,7.131926774978638,0.0010833740234375
700,7.142098903656006,0.0011072158813476562
701,7.151869773864746,0.0009889602661132812
702,7.162013053894043,0.0011658668518066406
703,7.171869993209839,0.0010180473327636719
704,7.181940793991089,0.0010406970977783203
705,7.191902160644531,0.0010442733764648438
706,7.201969623565674,0.0011065006256103516
707,7.211859464645386,0.0010237693786621094
708,7.2259814739227295,0.0012257099151611328
709,7.231868267059326,0.0010342597961425781
710,7.241984605789185,0.0011310577392578125
711,7.251826047897339,0.000995635986328125
712,7.2636003494262695,0.0010881423950195312
713,7.2718305587768555,0.0009963512420654297
714,7.281903982162476,0.0010623931884765625
715,7.292392015457153,0.001407623291015625
716,7.302849531173706,0.0009834766387939453
717,7.311841249465942,0.0010194778442382812
718,7.321887254714966,0.0010409355163574219
719,7.331900119781494,0.0010607242584228516
720,7.3462841510772705,0.0021533966064453125
721,7.351885557174683,0.0010399818420410156
722,7.361987590789795,0.0011315345764160156
723,7.372200965881348,0.001369476318359375
724,7.38327956199646,0.0018417835235595703
725,7.392005920410156,0.0011126995086669922
726,7.402008533477783,0.0011615753173828125
727,7.417595863342285,0.006733417510986328
728,7.422287702560425,0.00109100341796875
729,7.432733535766602,0.0016052722930908203
730,7.441911697387695,0.001043558120727539
731,7.451874017715454,0.0010347366333007812
732,7.461971998214722,0.001115560531616211
733,7.471893548965454,0.0010256767272949219
734,7.481895685195923,0.0010519027709960938
735,7.497435092926025,0.006589174270629883
736,7.502810716629028,0.0010204315185546875
737,7.511926889419556,0.0010819435119628906
738,7.5240700244903564,0.001207590103149414
739,7.53727912902832,0.006382465362548828
740,7.542223930358887,0.0010750293731689453
741,7.551870107650757,0.0010180473327636719
742,7.56197714805603,0.001130819320678711
743,7.5720531940460205,0.0012192726135253906
744,7.582568407058716,0.0010111331939697266
745,7.591898202896118,0.0010561943054199219
746,7.601916790008545,0.001081705093383789
747,7.611865758895874,0.0010306835174560547
748,7.621943950653076,0.001096963882446289
749,7.6318817138671875,0.0010519027709960938
750,7.641978979110718,0.0011281967163085938
751,7.651839256286621,0.0010080337524414062
752,7.663671493530273,0.0010535717010498047
753,7.671895503997803,0.0010540485382080078
754,7.6819212436676025,0.0010528564453125
755,7.691824197769165,0.001001119613647461
756,7.702278137207031,0.0010571479797363281
757,7.711937665939331,0.0011048316955566406
758,7.721921920776367,0.0010902881622314453
759,7.732639789581299,0.0017774105072021484
760,7.744217872619629,0.0011050701141357422
761,7.7518699169158936,0.0010390281677246094
762,7.761839866638184,0.001012563705444336
763,7.771936655044556,0.0011036396026611328
764,7.7823216915130615,0.0009915828704833984
765,7.791844129562378,0.001018524169921875
766,7.801998615264893,0.0011601448059082031
767,7.811895370483398,0.0010590553283691406
768,7.821915864944458,0.0010602474212646484
769,7.831936597824097,0.0011010169982910156
770,7.841914176940918,0.0010666847229003906
771,7.8518967628479,0.0010645389556884766
772,7.861891269683838,0.0010552406311035156
773,7.871891736984253,0.0010416507720947266
774,7.881901502609253,0.0010752677917480469
775,7.891857862472534,0.001001596450805664
776,7.901867151260376,0.0010271072387695312
777,7.912078619003296,0.0011992454528808594
778,7.92488431930542,0.001569986343383789
779,7.9319093227386475,0.0010523796081542969
780,7.941980838775635,0.0011448860168457031
781,7.951876163482666,0.0010230541229248047
782,7.962065696716309,0.0012164115905761719
783,7.9718546867370605,0.0010116100311279297
784,7.982040643692017,0.0011248588562011719
785,7.991895437240601,0.0010607242584228516
786,8.002043724060059,0.0011942386627197266
787,8.020160913467407,0.009327411651611328
788,8.023689031600952,0.0019943714141845703
789,8.031884908676147,0.0010395050048828125
790,8.041963338851929,0.0011336803436279297
791,8.060404062271118,0.009555816650390625
792,8.063399314880371,0.0010094642639160156
793,8.072068929672241,0.0012438297271728516
794,8.081929683685303,0.0010883808135986328
795,8.091888904571533,0.0010523796081542969
796,8.10326361656189,0.0010116100311279297
797,8.112029075622559,0.0012001991271972656
798,8.122130632400513,0.0012629032135009766
799,8.132094144821167,0.0012581348419189453
800,8.142058372497559,0.0012011528015136719
801,8.152088165283203,0.0012497901916503906
802,8.161928653717041,0.0010647773742675781
803,8.171900272369385,0.0010712146759033203
804,8.182690620422363,0.001010894775390625
805,8.191932201385498,0.0010983943939208984
806,8.201907873153687,0.0010650157928466797
807,8.212159395217896,0.0013213157653808594
808,8.221960306167603,0.0011281967163085938
809,8.23186445236206,0.0010271072387695312
810,8.241864681243896,0.0010190010070800781
811,8.251878499984741,0.0010418891906738281
812,8.262040138244629,0.0011737346649169922
813,8.271915912628174,0.0010952949523925781
814,8.282032489776611,0.0011851787567138672
815,8.291889667510986,0.0010595321655273438
816,8.302212476730347,0.001171112060546875
817,8.312812089920044,0.001955747604370117
818,8.323381185531616,0.0010859966278076172
819,8.331889867782593,0.0010516643524169922
820,8.342720031738281,0.0010647773742675781
821,8.35189938545227,0.0010306835174560547
822,8.36188006401062,0.0010464191436767578
823,8.37212324142456,0.0012891292572021484
824,8.38224720954895,0.001026153564453125
825,8.391874551773071,0.0010373592376708984
826,8.401904106140137,0.0010569095611572266
827,8.419418811798096,0.007906198501586914
828,8.421993732452393,0.0010762214660644531
829,8.431896448135376,0.0010616779327392578
830,8.441964864730835,0.0011129379272460938
831,8.451915740966797,0.0010576248168945312
832,8.46376657485962,0.0010228157043457031
833,8.471991539001465,0.0011508464813232422
834,8.481948137283325,0.0010657310485839844
835,8.492300271987915,0.0014345645904541016
836,8.503727674484253,0.0014734268188476562
837,8.51168441772461,0.0008547306060791016
838,8.521678447723389,0.0008590221405029297
839,8.531769037246704,0.0009396076202392578
840,8.541648387908936,0.0007817745208740234
841,8.551649332046509,0.0008008480072021484
842,8.56158971786499,0.0007741451263427734
843,8.571627378463745,0.0008046627044677734
844,8.581664800643921,0.0008447170257568359
845,8.591623306274414,0.0008068084716796875
846,8.60166072845459,0.0007941722869873047
847,8.611739873886108,0.0009167194366455078
848,8.621874332427979,0.0010123252868652344
849,8.631674766540527,0.0008387565612792969
850,8.641991138458252,0.001150369644165039
851,8.651627779006958,0.0008037090301513672
852,8.661955118179321,0.00078582763671875
853,8.671674489974976,0.00084686279296875
854,8.681618690490723,0.0008032321929931641
855,8.691662549972534,0.0008382797241210938
856,8.70197868347168,0.0007953643798828125
857,8.711633920669556,0.0008063316345214844
858,8.72172212600708,0.0009007453918457031
859,8.731666326522827,0.0008401870727539062
860,8.742044925689697,0.0007653236389160156
861,8.751641750335693,0.0008184909820556641
862,8.761646270751953,0.00079345703125
863,8.77196478843689,0.0011491775512695312
864,8.783781051635742,0.0015187263488769531
865,8.791680574417114,0.0008478164672851562
866,8.801666975021362,0.0008406639099121094
867,8.811704158782959,0.0008826255798339844
868,8.822361946105957,0.0009348392486572266
869,8.832261562347412,0.0010373592376708984
870,8.84194278717041,0.0010759830474853516
871,8.85177230834961,0.0009315013885498047
872,8.862532615661621,0.0009365081787109375
873,8.871920108795166,0.0010943412780761719
874,8.881834506988525,0.0009987354278564453
875,8.891873359680176,0.0010402202606201172
876,8.901841402053833,0.0009729862213134766
877,8.91178584098816,0.0009598731994628906
878,8.923816442489624,0.0009522438049316406
879,8.931803226470947,0.0009713172912597656
880,8.941785335540771,0.000949859619140625
881,8.951835870742798,0.0009829998016357422
882,8.961882591247559,0.0010418891906738281
883,8.977047204971313,0.006216287612915039
884,8.981829166412354,0.0009756088256835938
885,8.991816759109497,0.0009613037109375
886,9.00182819366455,0.0009846687316894531
887,9.011840343475342,0.001009225845336914
888,9.024736881256104,0.0018873214721679688
889,9.031967639923096,0.0011005401611328125
890,9.041826009750366,0.0009882450103759766
891,9.05182957649231,0.0009794235229492188
892,9.06544828414917,0.0021512508392333984
893,9.07182264328003,0.0009918212890625
894,9.081829309463501,0.0009918212890625
895,9.092606782913208,0.001768350601196289
896,9.101873874664307,0.0010101795196533203
897,9.114868879318237,0.004011392593383789
898,9.121933460235596,0.001100301742553711
899,9.131840467453003,0.0010068416595458984
900,9.141849279403687,0.0010178089141845703
901,9.151844263076782,0.0009655952453613281
902,9.161841630935669,0.0010020732879638672
903,9.17177700996399,0.0009555816650390625
904,9.181844472885132,0.001012563705444336
905,9.191831827163696,0.0010023117065429688
906,9.203259229660034,0.0009293556213378906
907,9.211822986602783,0.0009906291961669922
908,9.221905946731567,0.0010445117950439453
909,9.231850147247314,0.00101470947265625
910,9.241946697235107,0.0011060237884521484
911,9.251830339431763,0.0009984970092773438
912,9.262244462966919,0.0009598731994628906
913,9.271882057189941,0.001035451889038086
914,9.281956195831299,0.0011131763458251953
915,9.298192024230957,0.0068128108978271484
916,9.301860809326172,0.0010249614715576172
917,9.311846733093262,0.0010066032409667969
918,9.321856021881104,0.0010154247283935547
919,9.331830978393555,0.0010025501251220703
920,9.341952323913574,0.0010294914245605469
921,9.351846694946289,0.0010111331939697266
922,9.361919164657593,0.0010907649993896484
923,9.371837854385376,0.0010025501251220703
924,9.38326096534729,0.0017466545104980469
925,9.39178729057312,0.0009629726409912109
926,9.401847839355469,0.001016855239868164
927,9.411803007125854,0.0009806156158447266
928,9.42366909980774,0.00093841552734375
929,9.431856393814087,0.0010221004486083984
930,9.441924333572388,0.0010590553283691406
931,9.451772928237915,0.0009508132934570312
932,9.461826086044312,0.0009849071502685547
933,9.471826314926147,0.0009937286376953125
934,9.481810331344604,0.0009751319885253906
935,9.491847515106201,0.0009920597076416016
936,9.501950979232788,0.0010418891906738281
937,9.511775493621826,0.0009539127349853516
938,9.521777153015137,0.0009377002716064453
939,9.531894207000732,0.0010612010955810547
940,9.541930437088013,0.001074075698852539
941,9.551822185516357,0.0009932518005371094
942,9.561887264251709,0.0010306835174560547
943,9.571875095367432,0.0010521411895751953
944,9.581884384155273,0.0010209083557128906
945,9.592660427093506,0.0017926692962646484
946,9.603684186935425,0.0009362697601318359
947,9.6118004322052,0.000949859619140625
948,9.622380256652832,0.0009620189666748047
949,9.63185167312622,0.001016378402709961
950,9.641912460327148,0.001046895980834961
951,9.659920930862427,0.00909423828125
952,9.663699865341187,0.0009751319885253906
953,9.671806335449219,0.0009849071502685547
954,9.681793928146362,0.0009660720825195312
955,9.691890239715576,0.0010528564453125
956,9.707196474075317,0.0009229183197021484
957,9.71178674697876,0.000965118408203125
958,9.722065687179565,0.0011856555938720703
959,9.731828689575195,0.0009975433349609375
960,9.748483419418335,0.006131172180175781
961,9.751819372177124,0.000982522964477539
962,9.76183819770813,0.0010042190551757812
963,9.771806001663208,0.0009794235229492188
964,9.789626359939575,0.0019376277923583984
965,9.792059421539307,0.0009603500366210938
966,9.801886081695557,0.0010256767272949219
967,9.811898469924927,0.0010385513305664062
968,9.833564281463623,0.007089376449584961
969,9.83476972579956,0.0011315345764160156
970,9.841938972473145,0.0011017322540283203
971,9.85234546661377,0.00150299072265625
972,9.867006301879883,0.0010824203491210938
973,9.87195348739624,0.0011196136474609375
974,9.881991624832153,0.0011553764343261719
975,9.891950130462646,0.0011093616485595703
976,9.90697455406189,0.0010528564453125
977,9.911964178085327,0.001127481460571289
978,9.926054954528809,0.0022690296173095703
979,9.931949138641357,0.0010960102081298828
980,9.947174310684204,0.0012204647064208984
981,9.952866792678833,0.0018367767333984375
982,9.962090969085693,0.0012309551239013672
983,9.971926927566528,0.0010845661163330078
984,9.988179922103882,0.001173257827758789
985,9.991987228393555,0.001087188720703125
986,10.001987218856812,0.001142740249633789
987,10.011798858642578,0.0009605884552001953
988,10.026899337768555,0.0014996528625488281
989,10.03168249130249,0.0008220672607421875
990,10.041696310043335,0.0008308887481689453
991,10.051656484603882,0.0008339881896972656
992,10.063570976257324,0.0008823871612548828
993,10.071743726730347,0.0008866786956787109
994,10.08167552947998,0.0008218288421630859
995,10.091676235198975,0.0008568763732910156
996,10.10666275024414,0.0008165836334228516
997,10.111682176589966,0.0008127689361572266
998,10.121642112731934,0.0008091926574707031
999,10.131960153579712,0.0011401176452636719
1000,10.147279977798462,0.0030672550201416016
1001,10.151622533798218,0.000812530517578125
1002,10.16162919998169,0.0008118152618408203
1003,10.171666145324707,0.0008435249328613281
1004,10.18602705001831,0.0008292198181152344
1005,10.202040195465088,0.009774208068847656
1006,10.208794593811035,0.0064754486083984375
1007,10.218400716781616,0.004042863845825195
1008,10.225450038909912,0.0018701553344726562
1009,10.241583585739136,0.0010945796966552734
1010,10.242706775665283,0.0010609626770019531
1011,10.25167465209961,0.0008409023284912109
1012,10.26167368888855,0.0008237361907958984
1013,10.27580714225769,0.0020165443420410156
1014,10.28243088722229,0.0015349388122558594
1015,10.291718482971191,0.0008232593536376953
1016,10.301626205444336,0.0007956027984619141
1017,10.315991878509521,0.0020799636840820312
1018,10.321568727493286,0.0007534027099609375
1019,10.331677436828613,0.0008549690246582031
1020,10.34215259552002,0.0012629032135009766
1021,10.354607582092285,0.0008366107940673828
1022,10.362676858901978,0.0009853839874267578
1023,10.371588468551636,0.0007674694061279297
1024,10.381629943847656,0.0007791519165039062
1025,10.396143674850464,0.0007913112640380859
1026,10.401625633239746,0.0008146762847900391
1027,10.411604166030884,0.0007796287536621094
1028,10.421700716018677,0.0008854866027832031
1029,10.435347318649292,0.0011527538299560547
1030,10.441569566726685,0.0007548332214355469
1031,10.451575517654419,0.0007622241973876953
1032,10.461660146713257,0.0008389949798583984
1033,10.475582838058472,0.0007574558258056641
1034,10.481610298156738,0.0007996559143066406
1035,10.49169135093689,0.0008709430694580078
1036,10.50268292427063,0.0009908676147460938
1037,10.515568733215332,0.0009784698486328125
1038,10.521724939346313,0.0008931159973144531
1039,10.531704425811768,0.0008649826049804688
1040,10.54174017906189,0.0009188652038574219
1041,10.55701732635498,0.0010936260223388672
1042,10.561656475067139,0.0008318424224853516
1043,10.5718514919281,0.0010027885437011719
1044,10.581708669662476,0.0008797645568847656
1045,10.596782445907593,0.0008471012115478516
1046,10.602761268615723,0.0011518001556396484
1047,10.611732244491577,0.0008950233459472656
1048,10.621760129928589,0.0009319782257080078
1049,10.635809659957886,0.000850677490234375
1050,10.642171859741211,0.0013167858123779297
1051,10.651747226715088,0.0008945465087890625
1052,10.661722660064697,0.0008630752563476562
1053,10.676575183868408,0.002215862274169922
1054,10.682405233383179,0.0015265941619873047
1055,10.692357063293457,0.0014965534210205078
1056,10.70168662071228,0.0008432865142822266
1057,10.715133428573608,0.0008742809295654297
1058,10.721695899963379,0.0008447170257568359
1059,10.731633186340332,0.0008077621459960938
1060,10.74256181716919,0.0009455680847167969
1061,10.755798816680908,0.0017290115356445312
1062,10.761621475219727,0.000766754150390625
1063,10.771668672561646,0.0008516311645507812
1064,10.78164529800415,0.0008111000061035156
1065,10.797241687774658,0.0007762908935546875
1066,10.801563501358032,0.0007545948028564453
1067,10.811643123626709,0.0007910728454589844
1068,10.821710586547852,0.0007817745208740234
1069,10.84019947052002,0.004105806350708008
1070,10.856878757476807,0.010696887969970703
1071,10.871403455734253,0.014286041259765625
1072,10.872867584228516,0.0013647079467773438
1073,10.873875141143799,0.0009539127349853516
1074,10.884273767471313,0.0007884502410888672
1075,10.892109870910645,0.0008068084716796875
1076,10.901574611663818,0.0007572174072265625
1077,10.911661386489868,0.0007886886596679688
1078,10.921733617782593,0.0008869171142578125
1079,10.932899475097656,0.0016665458679199219
1080,10.941644430160522,0.0008215904235839844
1081,10.951696157455444,0.0008404254913330078
1082,10.961639642715454,0.0007750988006591797
1083,10.973931789398193,0.0031113624572753906
1084,10.981698513031006,0.0008392333984375
1085,10.991638898849487,0.0008080005645751953
1086,11.001704692840576,0.0008513927459716797
1087,11.011775016784668,0.0008819103240966797
1088,11.021629095077515,0.0007836818695068359
1089,11.03172516822815,0.0008859634399414062
1090,11.041630744934082,0.0008056163787841797
1091,11.051838397979736,0.0009930133819580078
1092,11.06221890449524,0.0007879734039306641
1093,11.071666717529297,0.0008280277252197266
1094,11.081674098968506,0.000850677490234375
1095,11.09170150756836,0.0008418560028076172
1096,11.101666927337646,0.0008389949798583984
1097,11.111653327941895,0.0008325576782226562
1098,11.12177848815918,0.0009281635284423828
1099,11.132145881652832,0.0012326240539550781
1100,11.141767024993896,0.0009226799011230469
1101,11.151708602905273,0.0008759498596191406
1102,11.16170358657837,0.0008494853973388672
1103,11.172042608261108,0.0011775493621826172
1104,11.181734085083008,0.0009090900421142578
1105,11.191759586334229,0.0008544921875
1106,11.201762914657593,0.0009047985076904297
1107,11.212856769561768,0.002025604248046875
1108,11.221782684326172,0.0009243488311767578
1109,11.231731176376343,0.0008721351623535156
1110,11.241661071777344,0.000843048095703125
1111,11.251682043075562,0.0008637905120849609
1112,11.261668920516968,0.0008425712585449219
1113,11.271671533584595,0.0008516311645507812
1114,11.281678438186646,0.0008490085601806641
1115,11.291966199874878,0.0008533000946044922
1116,11.301641702651978,0.0008206367492675781
1117,11.311732053756714,0.0009131431579589844
1118,11.321772575378418,0.0009272098541259766
1119,11.332002878189087,0.0008397102355957031
1120,11.34170651435852,0.0008826255798339844
1121,11.351773023605347,0.0009324550628662109
1122,11.361672639846802,0.0008454322814941406
1123,11.372014045715332,0.0008578300476074219
1124,11.381650924682617,0.0008330345153808594
1125,11.39429235458374,0.0034329891204833984
1126,11.401674032211304,0.0008234977722167969
1127,11.4117112159729,0.0008828639984130859
1128,11.42179536819458,0.0009317398071289062
1129,11.431695222854614,0.0008714199066162109
1130,11.441824674606323,0.0009734630584716797
1131,11.452505588531494,0.0010645389556884766
1132,11.461961507797241,0.0011250972747802734
1133,11.472367763519287,0.0015077590942382812
1134,11.482354640960693,0.0015065670013427734
1135,11.495895624160767,0.0033020973205566406
1136,11.501813411712646,0.0009849071502685547
1137,11.512168645858765,0.0013370513916015625
1138,11.528214693069458,0.007357597351074219
1139,11.535682201385498,0.0011255741119384766
1140,11.541627407073975,0.0007777214050292969
1141,11.551695108413696,0.0008711814880371094
1142,11.561638355255127,0.0007905960083007812
1143,11.572078943252563,0.0012364387512207031
1144,11.581792831420898,0.0007846355438232422
1145,11.591851472854614,0.0010263919830322266
1146,11.60158085823059,0.0007650852203369141
1147,11.611671924591064,0.0008425712585449219
1148,11.623981952667236,0.0007777214050292969
1149,11.631593942642212,0.0007781982421875
1150,11.641684293746948,0.000858306884765625
1151,11.651636600494385,0.0008180141448974609
1152,11.662657022476196,0.0008642673492431641
1153,11.671684741973877,0.0008225440979003906
1154,11.681623935699463,0.0008080005645751953
1155,11.691775798797607,0.0009572505950927734
1156,11.701950311660767,0.0011284351348876953
1157,11.711915969848633,0.0010755062103271484
1158,11.721933841705322,0.001100778579711914
1159,11.731911420822144,0.0010790824890136719
1160,11.744546175003052,0.002482175827026367
1161,11.751909732818604,0.0010585784912109375
1162,11.761962652206421,0.001134634017944336
1163,11.772099494934082,0.0012433528900146484
1164,11.782227754592896,0.0011034011840820312
1165,11.791950702667236,0.001104116439819336
1166,11.801939725875854,0.0010824203491210938
1167,11.811954021453857,0.0011096000671386719
1168,11.822433948516846,0.0011365413665771484
1169,11.83289122581482,0.0020287036895751953
1170,11.841990947723389,0.0011112689971923828
1171,11.851981163024902,0.0011072158813476562
1172,11.862764596939087,0.001361846923828125
1173,11.872022867202759,0.001157522201538086
1174,11.882030963897705,0.0011968612670898438
1175,11.89522099494934,0.004389047622680664
1176,11.903516292572021,0.0011191368103027344
1177,11.911888122558594,0.0010552406311035156
1178,11.92197299003601,0.0011072158813476562
1179,11.93205714225769,0.0012025833129882812
1180,11.947840929031372,0.00632929801940918
1181,11.951931476593018,0.001104116439819336
1182,11.962324857711792,0.0014889240264892578
1183,11.971894264221191,0.0010523796081542969
1184,11.982263565063477,0.0011243820190429688
1185,11.992299795150757,0.0014469623565673828
1186,12.003988981246948,0.0014781951904296875
1187,12.011984586715698,0.0011286735534667969
1188,12.0230553150177,0.00188446044921875
1189,12.032134294509888,0.001249074935913086
1190,12.042107343673706,0.001275777816772461
1191,12.052075862884521,0.0012090206146240234
1192,12.06358003616333,0.002079486846923828
1193,12.072033643722534,0.0011720657348632812
1194,12.081884860992432,0.0010297298431396484
1195,12.092113733291626,0.001270294189453125
1196,12.102272272109985,0.0011341571807861328
1197,12.11190128326416,0.0010662078857421875
1198,12.122259140014648,0.001394510269165039
1199,12.14066195487976,0.009789466857910156
1200,12.14272952079773,0.0010364055633544922
1201,12.152064800262451,0.001219034194946289
1202,12.161901712417603,0.0010623931884765625
1203,12.17193078994751,0.0011410713195800781
1204,12.186239242553711,0.0011448860168457031
1205,12.192186117172241,0.0013532638549804688
1206,12.202010154724121,0.001171112060546875
1207,12.211936235427856,0.0011112689971923828
1208,12.222079277038574,0.0011034011840820312
1209,12.232255697250366,0.0011148452758789062
1210,12.241928339004517,0.0011012554168701172
1211,12.252053499221802,0.0012116432189941406
1212,12.262808561325073,0.0012547969818115234
1213,12.271913051605225,0.0010547637939453125
1214,12.281886100769043,0.001055002212524414
1215,12.291947603225708,0.0010960102081298828
1216,12.303927421569824,0.0023467540740966797
1217,12.312037229537964,0.0011377334594726562
1218,12.3219633102417,0.0011250972747802734
1219,12.33203387260437,0.0011906623840332031
1220,12.344109296798706,0.0010986328125
1221,12.35164999961853,0.0008244514465332031
1222,12.362929344177246,0.0009222030639648438
1223,12.371631622314453,0.0008144378662109375
1224,12.38165283203125,0.0008208751678466797
1225,12.391693115234375,0.0008702278137207031
1226,12.401623010635376,0.0008003711700439453
1227,12.411665439605713,0.0008494853973388672
1228,12.421677589416504,0.0008592605590820312
1229,12.431660890579224,0.0008404254913330078
1230,12.44164776802063,0.000823974609375
1231,12.451633930206299,0.0008156299591064453
1232,12.461783647537231,0.0007798671722412109
1233,12.471706628799438,0.0008847713470458984
1234,12.481701135635376,0.0008819103240966797
1235,12.491887331008911,0.0010619163513183594
1236,12.508205890655518,0.003312826156616211
1237,12.512174844741821,0.0013074874877929688
1238,12.522080898284912,0.001241445541381836
1239,12.53226613998413,0.0014090538024902344
1240,12.560281991958618,0.016001224517822266
1241,12.56157898902893,0.0012137889862060547
1242,12.562906742095947,0.0012700557708740234
1243,12.572298765182495,0.0014488697052001953
1244,12.584369897842407,0.0013611316680908203
1245,12.599932193756104,0.0040051937103271484
1246,12.602542400360107,0.0013885498046875
1247,12.61212968826294,0.0012853145599365234
1248,12.622093915939331,0.0012521743774414062
1249,12.64069652557373,0.0012247562408447266
1250,12.641937732696533,0.0011701583862304688
1251,12.652113437652588,0.0012743473052978516
1252,12.662065744400024,0.0012271404266357422
1253,12.672359943389893,0.001383066177368164
1254,12.688603401184082,0.0032875537872314453
1255,12.692283868789673,0.0014350414276123047
1256,12.70218563079834,0.0013360977172851562
1257,12.715957641601562,0.005110502243041992
1258,12.726581811904907,0.0020999908447265625
1259,12.732182502746582,0.0013155937194824219
1260,12.742255449295044,0.00141143798828125
1261,12.752078294754028,0.0012350082397460938
1262,12.76817011833191,0.0018875598907470703
1263,12.772664546966553,0.0018095970153808594
1264,12.782216787338257,0.0013408660888671875
1265,12.792646169662476,0.0017728805541992188
1266,12.809896230697632,0.0012996196746826172
1267,12.816222906112671,0.001238107681274414
1268,12.822067260742188,0.0012314319610595703
1269,12.832229852676392,0.0013704299926757812
1270,12.842786073684692,0.0019474029541015625
1271,12.857484102249146,0.0015413761138916016
1272,12.862662553787231,0.0012352466583251953
1273,12.87221384048462,0.001363515853881836
1274,12.882119178771973,0.0012793540954589844
1275,12.89310908317566,0.0012607574462890625
1276,12.903814792633057,0.001203775405883789
1277,12.912121534347534,0.0012841224670410156
1278,12.922908782958984,0.002044677734375
1279,12.93222165107727,0.0013408660888671875
1280,12.949443340301514,0.002210378646850586
1281,12.952260494232178,0.0014171600341796875
1282,12.962233304977417,0.0013799667358398438
1283,12.972278118133545,0.0014276504516601562
1284,12.99541711807251,0.003841400146484375
1285,12.996713638305664,0.0012063980102539062
1286,13.002133131027222,0.0012955665588378906
1287,13.012102603912354,0.0012502670288085938
1288,13.02227234840393,0.0014238357543945312
1289,13.037155628204346,0.001287698745727539
1290,13.043924331665039,0.0023915767669677734
1291,13.053051710128784,0.002162456512451172
1292,13.061754703521729,0.0009033679962158203
1293,13.071640968322754,0.000820159912109375
1294,13.08466386795044,0.0008733272552490234
1295,13.091614961624146,0.0007953643798828125
1296,13.101649284362793,0.0007958412170410156
1297,13.111618041992188,0.0007910728454589844
1298,13.128541707992554,0.0014014244079589844
1299,13.131579160690308,0.0007660388946533203
1300,13.142116069793701,0.001291036605834961
1301,13.151665687561035,0.0008094310760498047
1302,13.163325309753418,0.0012867450714111328
1303,13.171628952026367,0.000804901123046875
1304,13.18169379234314,0.000835418701171875
1305,13.19167423248291,0.0008094310760498047
1306,13.205350160598755,0.002264261245727539
1307,13.21175479888916,0.0008494853973388672
1308,13.221756935119629,0.0009002685546875
1309,13.231675863265991,0.0008378028869628906
1310,13.245917558670044,0.0009331703186035156
1311,13.251793384552002,0.0009424686431884766
1312,13.261761903762817,0.0009369850158691406
1313,13.271811723709106,0.0009772777557373047
1314,13.285833835601807,0.0009331703186035156
1315,13.291850090026855,0.001020669937133789
1316,13.30175232887268,0.0009255409240722656
1317,13.311820268630981,0.0009679794311523438
1318,13.324373960494995,0.0009105205535888672
1319,13.33202075958252,0.0011889934539794922
1320,13.343820095062256,0.0009927749633789062
1321,13.35170292854309,0.0008852481842041016
1322,13.363639116287231,0.0010199546813964844
1323,13.371911525726318,0.001065969467163086
1324,13.38180160522461,0.0009772777557373047
1325,13.39176321029663,0.0009250640869140625
1326,13.40615177154541,0.0010025501251220703
1327,13.4117591381073,0.0009181499481201172
1328,13.421778678894043,0.000957489013671875
1329,13.433862209320068,0.001009225845336914
1330,13.444753170013428,0.0010387897491455078
1331,13.451754093170166,0.0009233951568603516
1332,13.461835145950317,0.0010104179382324219
1333,13.47183871269226,0.0010061264038085938
1334,13.486666917800903,0.0026831626892089844
1335,13.49193000793457,0.0010716915130615234
1336,13.50183916091919,0.0009968280792236328
1337,13.511788845062256,0.0009329319000244141
1338,13.530157804489136,0.0017039775848388672
1339,13.536129474639893,0.0010097026824951172
1340,13.541917085647583,0.0010752677917480469
1341,13.551918745040894,0.001085519790649414
1342,13.561963319778442,0.0011262893676757812
1343,13.576863050460815,0.0010645389556884766
1344,13.584213256835938,0.0010213851928710938
1345,13.592028379440308,0.0011730194091796875
1346,13.601943969726562,0.0011086463928222656
1347,13.618035316467285,0.0010077953338623047
1348,13.624333143234253,0.0011255741119384766
1349,13.631932497024536,0.0010955333709716797
1350,13.64220905303955,0.0013813972473144531
1351,13.66452693939209,0.008585929870605469
1352,13.665579080581665,0.0009860992431640625
1353,13.67192530632019,0.0010983943939208984
1354,13.681910276412964,0.0010805130004882812
1355,13.69795846939087,0.0010173320770263672
1356,13.701893091201782,0.0010647773742675781
1357,13.711872339248657,0.0010399818420410156
1358,13.721964359283447,0.0011131763458251953
1359,13.737507820129395,0.0010216236114501953
1360,13.74191427230835,0.0010843276977539062
1361,13.751940488815308,0.0011053085327148438
1362,13.76186990737915,0.00103759765625
1363,13.776909351348877,0.0010857582092285156
1364,13.781958818435669,0.001100301742553711
1365,13.791930913925171,0.0010900497436523438
1366,13.801907539367676,0.0010766983032226562
1367,13.816935300827026,0.0010204315185546875
1368,13.821843385696411,0.0010137557983398438
1369,13.831856727600098,0.0010251998901367188
1370,13.84189224243164,0.0010676383972167969
1371,13.856990814208984,0.0011563301086425781
1372,13.861931085586548,0.0010826587677001953
1373,13.871912002563477,0.0010833740234375
1374,13.882860898971558,0.0020265579223632812
1375,13.897370338439941,0.0009927749633789062
1376,13.901808500289917,0.0009839534759521484
1377,13.91197681427002,0.001131296157836914
1378,13.921940326690674,0.0011026859283447266
1379,13.940386772155762,0.001013040542602539
1380,13.943975448608398,0.0012218952178955078
1381,13.951965570449829,0.0011241436004638672
1382,13.961933612823486,0.0010976791381835938
1383,13.977491855621338,0.0015697479248046875
1384,13.983750343322754,0.0009922981262207031
1385,13.99191951751709,0.0010523796081542969
1386,14.002042770385742,0.0012056827545166016
1387,14.016367673873901,0.001190185546875
1388,14.022152185440063,0.0013201236724853516
1389,14.031955242156982,0.0010480880737304688
1390,14.042259454727173,0.0013883113861083984
1391,14.056910037994385,0.0009968280792236328
1392,14.061877489089966,0.0010204315185546875
1393,14.071918725967407,0.0010724067687988281
1394,14.081871509552002,0.0010364055633544922
1395,14.097568988800049,0.0010216236114501953
1396,14.101959228515625,0.0010981559753417969
1397,14.111891508102417,0.0010480880737304688
1398,14.12200403213501,0.0011737346649169922
1399,14.137849807739258,0.001065969467163086
1400,14.141847848892212,0.001018524169921875
1401,14.151905536651611,0.0010726451873779297
1402,14.161941289901733,0.0010807514190673828
1403,14.177805185317993,0.0010805130004882812
1404,14.182231903076172,0.0013971328735351562
1405,14.191887378692627,0.0010385513305664062
1406,14.20205044746399,0.0012123584747314453
1407,14.217883586883545,0.001965045928955078
1408,14.22183346748352,0.0009844303131103516
1409,14.231912612915039,0.0010657310485839844
1410,14.242291450500488,0.0014414787292480469
1411,14.260707139968872,0.0047893524169921875
1412,14.261840581893921,0.0010669231414794922
1413,14.272081851959229,0.0012233257293701172
1414,14.281870126724243,0.0010426044464111328
1415,14.300222396850586,0.00431060791015625
1416,14.305866479873657,0.0010149478912353516
1417,14.311917304992676,0.0010747909545898438
1418,14.321919441223145,0.0010912418365478516
1419,14.338505983352661,0.0025873184204101562
1420,14.344615697860718,0.0009908676147460938
1421,14.351848840713501,0.0010216236114501953
1422,14.36194109916687,0.0011105537414550781
1423,14.376920700073242,0.0010030269622802734
1424,14.383676052093506,0.0012586116790771484
1425,14.392001390457153,0.0011658668518066406
1426,14.401942491531372,0.0011053085327148438
1427,14.416969776153564,0.0010578632354736328
1428,14.423421859741211,0.0010802745819091797
1429,14.43192982673645,0.0010342597961425781
1430,14.441858053207397,0.0010323524475097656
1431,14.45696210861206,0.001039743423461914
1432,14.464404106140137,0.0024025440216064453
1433,14.475645065307617,0.00481104850769043
1434,14.481928586959839,0.001093149185180664
1435,14.492494821548462,0.0016400814056396484
1436,14.50551176071167,0.0014324188232421875
1437,14.511850833892822,0.0010182857513427734
1438,14.521860122680664,0.0010066032409667969
1439,14.5320725440979,0.001239776611328125
1440,14.544327020645142,0.001024484634399414
1441,14.551973104476929,0.0011267662048339844
1442,14.561880588531494,0.001043081283569336
1443,14.572006225585938,0.0011408329010009766
1444,14.584831237792969,0.0014624595642089844
1445,14.591637134552002,0.0008080005645751953
1446,14.60165286064148,0.0008363723754882812
1447,14.614338636398315,0.0035152435302734375
1448,14.623416662216187,0.0008654594421386719
1449,14.631587266921997,0.0007688999176025391
1450,14.64161205291748,0.0007684230804443359
1451,14.65161657333374,0.0007975101470947266
1452,14.667365789413452,0.002307415008544922
1453,14.67174220085144,0.0008997917175292969
1454,14.681775093078613,0.00093841552734375
1455,14.691767454147339,0.0009145736694335938
1456,14.709260940551758,0.0030198097229003906
1457,14.712617635726929,0.0017712116241455078
1458,14.721781492233276,0.0009167194366455078
1459,14.73175835609436,0.0009300708770751953
1460,14.746449947357178,0.0021469593048095703
1461,14.755101919174194,0.004266262054443359
1462,14.762006521224976,0.0011715888977050781
1463,14.772323846817017,0.0014872550964355469
1464,14.786354780197144,0.0010919570922851562
1465,14.792239427566528,0.0014150142669677734
1466,14.803802967071533,0.0010769367218017578
1467,14.81192398071289,0.001077413558959961
1468,14.824719429016113,0.0010113716125488281
1469,14.831960916519165,0.001131296157836914
1470,14.841930866241455,0.0010936260223388672
1471,14.851852416992188,0.0010111331939697266
1472,14.865883350372314,0.0018835067749023438
1473,14.872055292129517,0.0012085437774658203
1474,14.882000923156738,0.0011587142944335938
1475,14.891945600509644,0.0011093616485595703
1476,14.90554928779602,0.0017614364624023438
1477,14.911909580230713,0.0010685920715332031
1478,14.921874523162842,0.000997781753540039
1479,14.931854724884033,0.001024484634399414
1480,14.945483684539795,0.0015707015991210938
1481,14.951911926269531,0.0010845661163330078
1482,14.961796760559082,0.0009768009185791016
1483,14.972061395645142,0.0011911392211914062
1484,14.986999750137329,0.0010008811950683594
1485,14.991859912872314,0.001004934310913086
1486,15.001878023147583,0.0010340213775634766
1487,15.011943101882935,0.001096487045288086
1488,15.028774976730347,0.0057752132415771484
1489,15.032064199447632,0.0012097358703613281
1490,15.04193902015686,0.0011067390441894531
1491,15.051958799362183,0.0011284351348876953
1492,15.065032720565796,0.0014293193817138672
1493,15.071830749511719,0.000993967056274414
1494,15.081953048706055,0.0011255741119384766
1495,15.091890811920166,0.001039743423461914
1496,15.105632305145264,0.001033782958984375
1497,15.116137742996216,0.005288839340209961
1498,15.12195086479187,0.001085042953491211
1499,15.132120370864868,0.0012593269348144531
1500,15.145735025405884,0.0019369125366210938
1501,15.151956558227539,0.0010955333709716797
1502,15.16376519203186,0.0011563301086425781
1503,15.17197561264038,0.0011396408081054688
1504,15.185059785842896,0.001140594482421875
1505,15.192003726959229,0.0011334419250488281
1506,15.201995849609375,0.0011336803436279297
1507,15.211849689483643,0.0010187625885009766
1508,15.226284503936768,0.0022461414337158203
1509,15.231934547424316,0.0010874271392822266
1510,15.241887331008911,0.0010366439819335938
1511,15.255340099334717,0.00450444221496582
1512,15.265673875808716,0.0026121139526367188
1513,15.271958589553833,0.0011162757873535156
1514,15.28194260597229,0.0011148452758789062
1515,15.292155981063843,0.0013065338134765625
1516,15.305469274520874,0.0010001659393310547
1517,15.311856746673584,0.0010302066802978516
1518,15.321954250335693,0.0011157989501953125
1519,15.331965208053589,0.0011000633239746094
1520,15.351763486862183,0.0019507408142089844
1521,15.35280966758728,0.0009768009185791016
1522,15.362052917480469,0.0012252330780029297
1523,15.371875047683716,0.0010180473327636719
1524,15.384310483932495,0.0010471343994140625
1525,15.392366170883179,0.0015347003936767578
1526,15.402313709259033,0.0014574527740478516
1527,15.41192626953125,0.0010783672332763672
1528,15.42571759223938,0.0021436214447021484
1529,15.43185806274414,0.0010063648223876953
1530,15.441921472549438,0.0010752677917480469
1531,15.45197868347168,0.0011112689971923828
1532,15.466021060943604,0.0019214153289794922
1533,15.471941947937012,0.0010905265808105469
1534,15.481839895248413,0.001007080078125
1535,15.49219799041748,0.001360177993774414
1536,15.505536079406738,0.0018062591552734375
1537,15.511904954910278,0.0010509490966796875
1538,15.52439832687378,0.0015256404876708984
1539,15.531914710998535,0.0010864734649658203
1540,15.54575252532959,0.0015752315521240234
1541,15.551932096481323,0.0010895729064941406
1542,15.56185531616211,0.0010294914245605469
1543,15.571969985961914,0.001142740249633789
1544,15.585750102996826,0.0010404586791992188
1545,15.591920852661133,0.0010879039764404297
1546,15.60194706916809,0.0010843276977539062
1547,15.611999034881592,0.0011477470397949219
1548,15.626217126846313,0.0020639896392822266
1549,15.631918668746948,0.0010864734649658203
1550,15.641875505447388,0.0010387897491455078
1551,15.65191125869751,0.0010716915130615234
1552,15.668258428573608,0.0010230541229248047
1553,15.67283010482788,0.0014216899871826172
1554,15.681970596313477,0.0011174678802490234
1555,15.692198514938354,0.0013637542724609375
1556,15.708334922790527,0.0017504692077636719
1557,15.715701580047607,0.0019388198852539062
1558,15.72238278388977,0.001512289047241211
1559,15.732062101364136,0.001196146011352539
1560,15.744651079177856,0.0011172294616699219
1561,15.751882553100586,0.0010523796081542969
1562,15.76182746887207,0.0009992122650146484
1563,15.771990776062012,0.001154184341430664
1564,15.784194469451904,0.0010373592376708984
1565,15.791869163513184,0.0010404586791992188
1566,15.801921129226685,0.0010685920715332031
1567,15.811975002288818,0.0011179447174072266
1568,15.82736611366272,0.0011358261108398438
1569,15.832081317901611,0.0012199878692626953
1570,15.843757390975952,0.001117706298828125
1571,15.851890563964844,0.001058816909790039
1572,15.865818738937378,0.0015230178833007812
1573,15.872360467910767,0.001123666763305664
1574,15.88185715675354,0.0009984970092773438
1575,15.89211630821228,0.0012695789337158203
1576,15.902315616607666,0.0014755725860595703
1577,15.91410231590271,0.002043485641479492
1578,15.92236614227295,0.0014793872833251953
1579,15.935112237930298,0.004235744476318359
1580,15.941892147064209,0.0010526180267333984
1581,15.952750205993652,0.001829385757446289
1582,15.961899042129517,0.0010633468627929688
1583,15.971856355667114,0.0010204315185546875
1584,15.983825922012329,0.001201629638671875
1585,15.993513345718384,0.0010340213775634766
1586,16.001944065093994,0.0010833740234375
1587,16.011895656585693,0.0010638236999511719
1588,16.022306442260742,0.0014736652374267578
1589,16.03463125228882,0.0011301040649414062
1590,16.041836738586426,0.0010104179382324219
1591,16.051936864852905,0.0010793209075927734
1592,16.061890602111816,0.0010616779327392578
1593,16.072593212127686,0.0009989738464355469
1594,16.081960916519165,0.0011317729949951172
1595,16.092203617095947,0.0013360977172851562
1596,16.10236096382141,0.0015227794647216797
1597,16.11281728744507,0.0017826557159423828
1598,16.121706247329712,0.0008854866027832031
1599,16.131759643554688,0.0009348392486572266
1600,16.141792058944702,0.00093841552734375
1601,16.1529860496521,0.0008971691131591797
1602,16.161759614944458,0.0009074211120605469
1603,16.17175030708313,0.0008933544158935547
1604,16.18247628211975,0.0016431808471679688
1605,16.19306969642639,0.0009369850158691406
1606,16.201826333999634,0.0009710788726806641
1607,16.211737871170044,0.0009086132049560547
1608,16.22177481651306,0.0009443759918212891
1609,16.231979608535767,0.0009007453918457031
1610,16.241788387298584,0.0009665489196777344
1611,16.25444793701172,0.0036118030548095703
1612,16.26181125640869,0.0009837150573730469
1613,16.272440671920776,0.0009105205535888672
1614,16.281808853149414,0.0009775161743164062
1615,16.29184126853943,0.0010082721710205078
1616,16.30177879333496,0.0009567737579345703
1617,16.312981843948364,0.0018074512481689453
1618,16.321844339370728,0.0010178089141845703
1619,16.33176279067993,0.0009291172027587891
1620,16.341830492019653,0.0009784698486328125
1621,16.353620290756226,0.002391815185546875
1622,16.3617742061615,0.0009505748748779297
1623,16.371752738952637,0.0009226799011230469
1624,16.38207507133484,0.00119781494140625
1625,16.397368669509888,0.0038292407989501953
1626,16.401775598526,0.0009531974792480469
1627,16.411837816238403,0.0009949207305908203
1628,16.421793937683105,0.0009696483612060547
1629,16.431759357452393,0.0008997917175292969
1630,16.441811084747314,0.000978708267211914
1631,16.451767921447754,0.0009198188781738281
1632,16.461742162704468,0.0008883476257324219
1633,16.476098775863647,0.0016961097717285156
1634,16.490105628967285,0.009185314178466797
1635,16.50009560585022,0.003926515579223633
1636,16.508747100830078,0.004397153854370117
1637,16.514707565307617,0.003688335418701172
1638,16.52599048614502,0.0020160675048828125
1639,16.53331971168518,0.0021381378173828125
1640,16.541812419891357,0.0009784698486328125
1641,16.551870346069336,0.0010411739349365234
1642,16.561744451522827,0.0008819103240966797
1643,16.571799516677856,0.0009717941284179688
1644,16.5817129611969,0.000888824462890625
1645,16.59172487258911,0.0009095668792724609
1646,16.601608991622925,0.0007843971252441406
1647,16.611610651016235,0.0007936954498291016
1648,16.622838973999023,0.00083160400390625
1649,16.63178300857544,0.0009136199951171875
1650,16.64172124862671,0.0008871555328369141
1651,16.651636123657227,0.0007865428924560547
1652,16.66176676750183,0.0009226799011230469
1653,16.673155307769775,0.0011036396026611328
1654,16.682080030441284,0.0011141300201416016
1655,16.692035675048828,0.0012035369873046875
1656,16.701895713806152,0.0010528564453125
1657,16.718040943145752,0.007218122482299805
1658,16.72194266319275,0.0011069774627685547
1659,16.73209857940674,0.0012617111206054688
1660,16.741851806640625,0.001018524169921875
1661,16.75206184387207,0.001234292984008789
1662,16.764503240585327,0.0010495185852050781
1663,16.771936893463135,0.0010800361633300781
1664,16.78184151649475,0.001016378402709961
1665,16.79283308982849,0.001986265182495117
1666,16.806781768798828,0.0010135173797607422
1667,16.811837911605835,0.0010120868682861328
1668,16.821957111358643,0.0010900497436523438
1669,16.83206868171692,0.0012106895446777344
1670,16.851033926010132,0.0010132789611816406
1671,16.85219979286194,0.0011076927185058594
1672,16.861929178237915,0.0010938644409179688
1673,16.87192177772522,0.0010974407196044922
1674,16.881842851638794,0.0010154247283935547
1675,16.89556050300598,0.0018961429595947266
1676,16.901851415634155,0.0010178089141845703
1677,16.911906242370605,0.001081228256225586
1678,16.921902656555176,0.001065969467163086
1679,16.93416476249695,0.0010056495666503906
1680,16.941831827163696,0.001005411148071289
1681,16.952179431915283,0.0013458728790283203
1682,16.961958646774292,0.0011179447174072266
1683,16.973920822143555,0.0011687278747558594
1684,16.981940507888794,0.0011115074157714844
1685,16.99202799797058,0.0011928081512451172
1686,17.00190758705139,0.0010433197021484375
1687,17.014134168624878,0.0010962486267089844
1688,17.02215075492859,0.0011169910430908203
1689,17.031931400299072,0.0010995864868164062
1690,17.041910409927368,0.0010788440704345703
1691,17.05522584915161,0.0010218620300292969
1692,17.063753604888916,0.001224517822265625
1693,17.07206153869629,0.0012328624725341797
1694,17.08195924758911,0.001111745834350586
1695,17.095797300338745,0.003529071807861328
1696,17.10182499885559,0.0009968280792236328
1697,17.114377737045288,0.0012717247009277344
1698,17.12195134162903,0.0011088848114013672
1699,17.137553691864014,0.003889322280883789
1700,17.14189314842224,0.0010571479797363281
1701,17.151935815811157,0.001100301742553711
1702,17.16192364692688,0.0010890960693359375
1703,17.175041913986206,0.0027892589569091797
1704,17.181862354278564,0.0010254383087158203
1705,17.192819595336914,0.001992940902709961
1706,17.204777240753174,0.0020465850830078125
1707,17.215800762176514,0.002038240432739258
1708,17.221941471099854,0.0011096000671386719
1709,17.23192071914673,0.0010685920715332031
1710,17.242208242416382,0.0013709068298339844
1711,17.254212856292725,0.0011355876922607422
1712,17.26193380355835,0.001085519790649414
1713,17.271984577178955,0.0011491775512695312
1714,17.281980752944946,0.001125335693359375
1715,17.29676055908203,0.001077413558959961
1716,17.302323579788208,0.0009942054748535156
1717,17.312119483947754,0.0012829303741455078
1718,17.321961879730225,0.0011091232299804688
1719,17.33225917816162,0.0014328956604003906
1720,17.344115495681763,0.0014536380767822266
1721,17.35201406478882,0.0011754035949707031
1722,17.36182951927185,0.000982522964477539
1723,17.371877908706665,0.0010447502136230469
1724,17.389902591705322,0.007497310638427734
1725,17.39195156097412,0.0011301040649414062
1726,17.401968955993652,0.0011289119720458984
1727,17.411903858184814,0.001054525375366211
1728,17.421919107437134,0.0010557174682617188
1729,17.437017679214478,0.0018727779388427734
1730,17.44192361831665,0.0010783672332763672
1731,17.45190691947937,0.001054525375366211
1732,17.46184754371643,0.0010259151458740234
1733,17.48291015625,0.012079715728759766
1734,17.485097885131836,0.0020723342895507812
1735,17.492177486419678,0.0013430118560791016
1736,17.50198483467102,0.0011320114135742188
1737,17.51199984550476,0.001161813735961914
1738,17.52802038192749,0.0018384456634521484
1739,17.531943559646606,0.0010914802551269531
1740,17.54189896583557,0.0010623931884765625
1741,17.55196237564087,0.0011296272277832031
1742,17.56720280647278,0.0014488697052001953
1743,17.573742151260376,0.002321481704711914
1744,17.58186101913452,0.0010268688201904297
1745,17.59299111366272,0.002154111862182617
1746,17.605478763580322,0.0010747909545898438
1747,17.61513614654541,0.004301548004150391
1748,17.6219003200531,0.0010514259338378906
1749,17.632033586502075,0.0011913776397705078
1750,17.647006511688232,0.0010194778442382812
1751,17.651949405670166,0.0011203289031982422
1752,17.661829471588135,0.0010073184967041016
1753,17.671888828277588,0.00106048583984375
1754,17.685445070266724,0.0010447502136230469
1755,17.6920108795166,0.0011763572692871094
1756,17.701950550079346,0.0011126995086669922
1757,17.712077379226685,0.001249551773071289
1758,17.726797342300415,0.001110076904296875
1759,17.731959581375122,0.0011281967163085938
1760,17.741904258728027,0.0010771751403808594
1761,17.752882480621338,0.002049684524536133
1762,17.76589798927307,0.001010894775390625
1763,17.772927284240723,0.0020644664764404297
1764,17.781879663467407,0.0010209083557128906
1765,17.792914390563965,0.002072572708129883
1766,17.809486865997314,0.002805471420288086
1767,17.812845468521118,0.0019948482513427734
1768,17.821962118148804,0.0011055469512939453
1769,17.831939458847046,0.0011107921600341797
1770,17.843675136566162,0.0010957717895507812
1771,17.852495431900024,0.0011725425720214844
1772,17.861953258514404,0.001117706298828125
1773,17.872499704360962,0.0016663074493408203
1774,17.88532257080078,0.0010106563568115234
1775,17.893141746520996,0.002141714096069336
1776,17.901813507080078,0.000985860824584961
1777,17.91229271888733,0.0014636516571044922
1778,17.926684141159058,0.001004934310913086
1779,17.932859659194946,0.0020346641540527344
1780,17.94192624092102,0.0010647773742675781
1781,17.952855825424194,0.002016782760620117
1782,17.966846227645874,0.0019123554229736328
1783,17.97196364402771,0.0011293888092041016
1784,17.98186230659485,0.0009942054748535156
1785,17.992926836013794,0.0021016597747802734
1786,18.006126642227173,0.0019304752349853516
1787,18.011881828308105,0.0010364055633544922
1788,18.023467302322388,0.0009996891021728516
1789,18.03196692466736,0.0011081695556640625
1790,18.047011852264404,0.0011565685272216797
1791,18.05195426940918,0.0011341571807861328
1792,18.06192135810852,0.0010857582092285156
1793,18.072073221206665,0.001245737075805664
1794,18.088587045669556,0.0027456283569335938
1795,18.09212040901184,0.0012593269348144531
1796,18.1026029586792,0.0017514228820800781
1797,18.11195731163025,0.0010657310485839844
1798,18.125713348388672,0.0011031627655029297
1799,18.132272243499756,0.0014400482177734375
1800,18.1418776512146,0.001033782958984375
1801,18.1519992351532,0.001138925552368164
1802,18.165812730789185,0.0009963512420654297
1803,18.17399573326111,0.0010116100311279297
1804,18.1818585395813,0.0010294914245605469
1805,18.191943883895874,0.0011162757873535156
1806,18.206748485565186,0.0012271404266357422
1807,18.213451862335205,0.0009949207305908203
1808,18.221961975097656,0.0011332035064697266
1809,18.231997966766357,0.0011534690856933594
1810,18.2475323677063,0.0011248588562011719
1811,18.251861095428467,0.0010280609130859375
1812,18.261954307556152,0.0011303424835205078
1813,18.27202558517456,0.0011990070343017578
1814,18.286155462265015,0.0018558502197265625
1815,18.29195809364319,0.0011255741119384766
1816,18.303587675094604,0.001123189926147461
1817,18.311959266662598,0.0011265277862548828
1818,18.32768440246582,0.001756429672241211
1819,18.33191204071045,0.0010557174682617188
1820,18.34198021888733,0.001115560531616211
1821,18.35188627243042,0.00106048583984375
1822,18.369813919067383,0.0030853748321533203
1823,18.371946811676025,0.001127481460571289
1824,18.38185429573059,0.0010225772857666016
1825,18.39576768875122,0.004931926727294922
1826,18.407230138778687,0.0027265548706054688
1827,18.41210675239563,0.0012569427490234375
1828,18.421926736831665,0.001096487045288086
1829,18.432024717330933,0.0011484622955322266
1830,18.44750428199768,0.0010881423950195312
1831,18.451918125152588,0.0010914802551269531
1832,18.461878538131714,0.0010440349578857422
1833,18.471925735473633,0.001096963882446289
1834,18.48551917076111,0.001256704330444336
1835,18.492884874343872,0.0015850067138671875
1836,18.501832485198975,0.0009794235229492188
1837,18.51185631752014,0.0009999275207519531
1838,18.53381109237671,0.0011546611785888672
1839,18.534873723983765,0.0009899139404296875
1840,18.541897296905518,0.0010738372802734375
1841,18.5519859790802,0.0011446475982666016
1842,18.566696166992188,0.0019283294677734375
1843,18.574995040893555,0.00416254997253418
1844,18.581855058670044,0.0010230541229248047
1845,18.59216594696045,0.0013308525085449219
1846,18.610519409179688,0.0024178028106689453
1847,18.6118483543396,0.0010216236114501953
1848,18.62187170982361,0.0010259151458740234
1849,19.232749700546265,0.6018998622894287
