0.0104349, -0.0202877, 0
0.0741049, -0.0202877, 0
0.137775, -0.0202877, 0
0.201445, -0.0202877, 0
0.265115, -0.0202877, 0
0.328785, -0.0202877, 0
0.392455, -0.0202877, 0
0.456125, -0.0202877, 0
0.519795, -0.0202877, 0
0.583465, -0.0202877, 0
0.647135, -0.0202877, 0
0.710805, -0.0202877, 0
0.774475, -0.0202877, 0
0.838145, -0.0202877, 0
0.901815, -0.0202877, 0
0.965485, -0.0202877, 0
1.02915, -0.0202877, 0
1.09282, -0.0202877, 0
1.15649, -0.0202877, 0
1.22016, -0.0202877, 0
1.28383, -0.0202877, 0
1.3475, -0.0202877, 0
1.41117, -0.0202877, 0
1.47484, -0.0202877, 0
1.53851, -0.0202877, 0
1.60218, -0.0202877, 0
1.66585, -0.0202877, 0
1.72952, -0.0202877, 0
1.79319, -0.0202877, 0
1.85686, -0.0202877, 0
1.92053, -0.0202877, 0
1.9842, -0.0202877, 0
2.04787, -0.0202877, 0
2.11154, -0.0202877, 0
2.17521, -0.0202877, 0
2.23888, -0.0202877, 0
2.30255, -0.0202877, 0
2.36622, -0.0202877, 0
2.42989, -0.0202877, 0
2.49356, -0.0202877, 0
2.55723, -0.0202877, 0
2.6209, -0.0202877, 0
2.68457, -0.0202877, 0
2.74824, -0.0202877, 0
2.81191, -0.0202877, 0
2.87558, -0.0202877, 0
2.93925, -0.0202877, 0
3.00292, -0.0202877, 0
3.06659, -0.0202877, 0
3.13026, -0.0202877, 0
3.19393, -0.0202877, 0
3.2576, -0.0202877, 0
3.32127, -0.0202877, 0
3.38494, -0.0202877, 0
3.44861, -0.0202877, 0
3.51228, -0.0202877, 0
3.57595, -0.0202877, 0
3.63962, -0.0202877, 0
3.70329, -0.0202877, 0
3.76696, -0.0202877, 0
3.83063, -0.0202877, 0
3.8943, -0.0202877, 0
3.95797, -0.0202877, 0
4.02164, -0.0202877, 0
4.08531, -0.0202877, 0
4.14898, -0.0202877, 0
4.21265, -0.0202877, 0
4.27632, -0.0202877, 0
4.33999, -0.0202877, 0
4.40366, -0.0202877, 0
4.46734, -0.0202877, 0
4.53101, -0.0202877, 0
4.59468, -0.0202877, 0
4.65835, -0.0202877, 0
4.72202, -0.0202877, 0
4.78569, -0.0202877, 0
4.84936, -0.0202877, 0
4.91303, -0.0202877, 0
4.9767, -0.0202877, 0
5.04037, -0.0202877, 0
5.10404, -0.0202877, 0
5.16771, -0.0202877, 0
5.23138, -0.0202877, 0
5.29505, -0.0202877, 0
5.35872, -0.0202877, 0
5.42239, -0.0202877, 0
5.48606, -0.0202877, 0
5.54973, -0.0202877, 0
5.6134, -0.0202877, 0
5.67707, -0.0202877, 0
5.74074, -0.0202877, 0
5.80441, -0.0202877, 0
5.86808, -0.0202877, 0
5.93175, -0.0202877, 0
5.99542, -0.0202877, 0
6.05909, -0.0202877, 0
6.12276, -0.0202877, 0
6.18643, -0.0202877, 0
6.2501, -0.0202877, 0
6.31377, -0.0202877, 0
6.37744, -0.0202877, 0
6.44111, -0.0202877, 0
6.50478, -0.0202877, 0
6.56845, -0.0202877, 0
6.63212, -0.0202877, 0
6.69579, -0.0202877, 0
6.75946, -0.0202877, 0
6.82313, -0.0202877, 0
6.8868, -0.0202877, 0
6.95047, -0.0202877, 0
7.01414, -0.0202877, 0
7.07781, -0.0202877, 0
7.14148, -0.0202877, 0
7.20515, -0.0202877, 0
7.26882, -0.0202877, 0
7.33249, -0.0202877, 0
7.39616, -0.0202877, 0
7.45983, -0.0202877, 0
7.5235, -0.0202877, 0
7.58717, -0.0202877, 0
7.65084, -0.0202877, 0
7.71451, -0.0202877, 0
7.77818, -0.0202877, 0
7.84185, -0.0202877, 0
7.90552, -0.0202877, 0
7.96919, -0.0202877, 0
8.03286, -0.0202877, 0
8.09653, -0.0202877, 0
8.1602, -0.0202877, 0
8.22387, -0.0202877, 0
8.28754, -0.0202877, 0
8.35121, -0.0202877, 0
8.41488, -0.0202877, 0
8.47855, -0.0202877, 0
8.54222, -0.0202877, 0
8.60589, -0.0202877, 0
8.66956, -0.0202877, 0
8.73323, -0.0202877, 0
8.7969, -0.0202877, 0
8.86057, -0.0202877, 0
8.92424, -0.0202877, 0
8.98791, -0.0202877, 0
9.05158, -0.0202877, 0
9.11525, -0.0202877, 0
9.17892, -0.0202877, 0
9.24259, -0.0202877, 0
9.30626, -0.0202877, 0
9.36993, -0.0202877, 0
9.4336, -0.0202877, 0
9.49727, -0.0202877, 0
9.56094, -0.0202877, 0
9.62461, -0.0202877, 0
9.68828, -0.0202877, 0
9.75195, -0.0202877, 0
9.81562, -0.0202877, 0
9.87929, -0.0202877, 0
9.94296, -0.0202877, 0
10.0066, -0.0202877, 0
10.0703, -0.0202877, 0
10.134, -0.0202877, 0
10.1976, -0.0202877, 0
10.2613, -0.0202877, 0
10.325, -0.0202877, 0
10.3886, -0.0202877, 0
10.4523, -0.0202877, 0
10.516, -0.0202877, 0
10.5797, -0.0202877, 0
10.6433, -0.0202877, 0
10.707, -0.0202877, 0
10.7707, -0.0202877, 0
10.8343, -0.0202877, 0
10.898, -0.0202877, 0
10.9617, -0.0202877, 0
11.0253, -0.0202877, 0
11.089, -0.0202877, 0
11.1527, -0.0202877, 0
11.2164, -0.0202877, 0
11.28, -0.0202877, 0
11.3437, -0.0202877, 0
11.4074, -0.0202877, 0
11.471, -0.0202877, 0
11.5347, -0.0202877, 0
11.5984, -0.0202877, 0
11.662, -0.0202877, 0
11.7257, -0.0202877, 0
11.7894, -0.0202877, 0
11.8531, -0.0202877, 0
11.9167, -0.0202877, 0
11.9804, -0.0202877, 0
12.0441, -0.0202877, 0
12.1077, -0.0202877, 0
12.1714, -0.0202877, 0
12.2351, -0.0202877, 0
12.2987, -0.0202877, 0
12.3624, -0.0202877, 0
12.4261, -0.0202877, 0
12.4898, -0.0202877, 0
12.5534, -0.0202877, 0
12.6171, -0.0202877, 0
12.6808, -0.0202877, 0
12.7444, -0.0202877, 0
12.8081, -0.0202877, 0
12.8718, -0.0202877, 0
12.9354, -0.0202877, 0
12.9991, -0.0202877, 0
13.0628, -0.0202877, 0
13.1265, -0.0202877, 0
13.1901, -0.0202877, 0
13.2538, -0.0202877, 0
13.3175, -0.0202877, 0
13.3811, -0.0202877, 0
13.4448, -0.0202877, 0
13.5085, -0.0202877, 0
13.5721, -0.0202877, 0
13.6358, -0.0202877, 0
13.6995, -0.0202877, 0
13.7632, -0.0202877, 0
13.8268, -0.0202877, 0
13.8905, -0.0202877, 0
13.9542, -0.0202877, 0
14.0178, -0.0202877, 0
14.0815, -0.0202877, 0
14.1452, -0.0202877, 0
14.2088, -0.0202877, 0
14.2725, -0.0202877, 0
14.3362, -0.0202877, 0
14.3999, -0.0202877, 0
14.4635, -0.0202877, 0
14.5272, -0.0202877, 0
14.5909, -0.0202877, 0
14.6545, -0.0202877, 0
14.7182, -0.0202877, 0
14.7819, -0.0202877, 0
14.8455, -0.0202877, 0
14.9092, -0.0839577, 0
14.9729, -0.147628, 0
15.0366, -0.211298, 0
15.1002, -0.211298, 0
15.1639, -0.274968, 0
15.2276, -0.338638, 0
15.2912, -0.402308, 0
15.3549, -0.402308, 0
15.4186, -0.465978, 0
15.4822, -0.529648, 0
15.5459, -0.529648, 0
15.6096, -0.593318, 0
15.6733, -0.593318, 0
15.7369, -0.656988, 0
15.8006, -0.720658, 0
15.8643, -0.720658, 0
15.9279, -0.784328, 0
15.9916, -0.784328, 0
16.0553, -0.847998, 0
16.1189, -0.847998, 0
16.1826, -0.911668, 0
16.2463, -0.911668, 0
16.31, -0.975338, 0
16.3736, -0.975338, 0
16.4373, -1.03901, 0
16.501, -1.03901, 0
16.5646, -1.03901, 0
16.6283, -1.10268, 0
16.692, -1.10268, 0
16.7556, -1.16635, 0
16.8193, -1.16635, 0
16.883, -1.16635, 0
16.9467, -1.23002, 0
17.0103, -1.23002, 0
17.074, -1.23002, 0
17.1377, -1.29369, 0
17.2013, -1.29369, 0
17.265, -1.29369, 0
17.3287, -1.29369, 0
17.3923, -1.35736, 0
17.456, -1.35736, 0
17.5197, -1.35736, 0
17.5834, -1.42103, 0
17.647, -1.42103, 0
17.7107, -1.42103, 0
17.7744, -1.42103, 0
17.838, -1.42103, 0
17.9017, -1.4847, 0
17.9654, -1.4847, 0
18.029, -1.4847, 0
18.0927, -1.4847, 0
18.1564, -1.4847, 0
18.2201, -1.54837, 0
18.2837, -1.54837, 0
18.3474, -1.54837, 0
18.4111, -1.54837, 0
18.4747, -1.54837, 0
18.5384, -1.54837, 0
18.6021, -1.61204, 0
18.6657, -1.61204, 0
18.7294, -1.61204, 0
18.7931, -1.61204, 0
18.8568, -1.61204, 0
18.9204, -1.61204, 0
18.9841, -1.61204, 0
19.0478, -1.61204, 0
19.1114, -1.61204, 0
19.1751, -1.61204, 0
19.2388, -1.61204, 0
19.3024, -1.67571, 0
19.3661, -1.67571, 0
19.4298, -1.67571, 0
19.4935, -1.67571, 0
19.5571, -1.67571, 0
19.6208, -1.67571, 0
19.6845, -1.67571, 0
19.7481, -1.67571, 0
19.8118, -1.67571, 0
19.8755, -1.67571, 0
19.9391, -1.67571, 0
20.0028, -1.67571, 0
20.0665, -1.67571, 0
20.1302, -1.67571, 0
20.1938, -1.67571, 0
20.2575, -1.67571, 0
20.3212, -1.67571, 0
20.3848, -1.67571, 0
20.4485, -1.61204, 0
20.5122, -1.61204, 0
20.5758, -1.61204, 0
20.6395, -1.61204, 0
20.7032, -1.61204, 0
20.7669, -1.61204, 0
20.8305, -1.61204, 0
20.8942, -1.61204, 0
20.9579, -1.61204, 0
21.0215, -1.61204, 0
21.0852, -1.61204, 0
21.1489, -1.54837, 0
21.2125, -1.54837, 0
21.2762, -1.54837, 0
21.3399, -1.54837, 0
21.4036, -1.54837, 0
21.4672, -1.54837, 0
21.5309, -1.4847, 0
21.5946, -1.4847, 0
21.6582, -1.4847, 0
21.7219, -1.4847, 0
21.7856, -1.4847, 0
21.8492, -1.42103, 0
21.9129, -1.42103, 0
21.9766, -1.42103, 0
22.0403, -1.42103, 0
22.1039, -1.35736, 0
22.1676, -1.35736, 0
22.2313, -1.35736, 0
22.2949, -1.35736, 0
22.3586, -1.29369, 0
22.4223, -1.29369, 0
22.4859, -1.29369, 0
22.5496, -1.23002, 0
22.6133, -1.23002, 0
22.677, -1.23002, 0
22.7406, -1.16635, 0
22.8043, -1.16635, 0
22.868, -1.16635, 0
22.9316, -1.10268, 0
22.9953, -1.10268, 0
23.059, -1.10268, 0
23.1226, -1.03901, 0
23.1863, -1.03901, 0
23.25, -0.975338, 0
23.3137, -0.975338, 0
23.3773, -0.911668, 0
23.441, -0.911668, 0
23.5047, -0.847998, 0
23.5683, -0.847998, 0
23.632, -0.784328, 0
23.6957, -0.784328, 0
23.7593, -0.720658, 0
23.823, -0.720658, 0
23.8867, -0.656988, 0
23.9504, -0.656988, 0
24.014, -0.593318, 0
24.0777, -0.529648, 0
24.1414, -0.529648, 0
24.205, -0.465978, 0
24.2687, -0.465978, 0
24.3324, -0.402308, 0
24.396, -0.338638, 0
24.4597, -0.274968, 0
24.5234, -0.274968, 0
24.5871, -0.211298, 0
24.6507, -0.147628, 0
24.7144, -0.0839577, 0
24.7781, -0.0202877, 0
24.8417, -0.0202877, 0
24.9054, 0.0433823, 0
24.9691, 0.107052, 0
25.0327, 0.107052, 0
25.0964, 0.170722, 0
25.1601, 0.234392, 0
25.2238, 0.234392, 0
25.2874, 0.234392, 0
25.3511, 0.234392, 0
25.4148, 0.298062, 0
25.4784, 0.298062, 0
25.5421, 0.298062, 0
25.6058, 0.298062, 0
25.6694, 0.361732, 0
25.7331, 0.361732, 0
25.7968, 0.361732, 0
25.8605, 0.361732, 0
25.9241, 0.425402, 0
25.9878, 0.425402, 0
26.0515, 0.425402, 0
26.1151, 0.425402, 0
26.1788, 0.425402, 0
26.2425, 0.425402, 0
26.3061, 0.425402, 0
26.3698, 0.489072, 0
26.4335, 0.489072, 0
26.4972, 0.489072, 0
26.5608, 0.489072, 0
26.6245, 0.552742, 0
26.6882, 0.552742, 0
26.7518, 0.552742, 0
26.8155, 0.552742, 0
26.8792, 0.616412, 0
26.9428, 0.616412, 0
27.0065, 0.616412, 0
27.0702, 0.616412, 0
27.1339, 0.680082, 0
27.1975, 0.680082, 0
27.2612, 0.743752, 0
27.3249, 0.743752, 0
27.3885, 0.743752, 0
27.4522, 0.807422, 0
27.5159, 0.807422, 0
27.5795, 0.807422, 0
27.6432, 0.871092, 0
27.7069, 0.871092, 0
27.7706, 0.871092, 0
27.8342, 0.934762, 0
27.8979, 0.934762, 0
27.9616, 0.934762, 0
28.0252, 0.934762, 0
28.0889, 0.998432, 0
28.1526, 0.998432, 0
28.2162, 0.998432, 0
28.2799, 0.998432, 0
28.3436, 1.0621, 0
28.4073, 1.0621, 0
28.4709, 1.0621, 0
28.5346, 1.0621, 0
28.5983, 1.0621, 0
28.6619, 1.12577, 0
28.7256, 1.12577, 0
28.7893, 1.12577, 0
28.8529, 1.12577, 0
28.9166, 1.12577, 0
28.9803, 1.18944, 0
29.044, 1.18944, 0
29.1076, 1.18944, 0
29.1713, 1.18944, 0
29.235, 1.18944, 0
29.2986, 1.18944, 0
29.3623, 1.18944, 0
29.426, 1.18944, 0
29.4896, 1.25311, 0
29.5533, 1.25311, 0
29.617, 1.25311, 0
29.6807, 1.25311, 0
29.7443, 1.25311, 0
29.808, 1.25311, 0
29.8717, 1.25311, 0
29.9353, 1.25311, 0
29.999, 1.25311, 0
30.0627, 1.25311, 0
30.1263, 1.25311, 0
30.19, 1.25311, 0
30.2537, 1.25311, 0
30.3174, 1.25311, 0
30.381, 1.25311, 0
30.4447, 1.25311, 0
30.5084, 1.25311, 0
30.572, 1.25311, 0
30.6357, 1.25311, 0
30.6994, 1.31678, 0
30.763, 1.31678, 0
30.8267, 1.31678, 0
30.8904, 1.31678, 0
30.9541, 1.31678, 0
31.0177, 1.31678, 0
31.0814, 1.31678, 0
31.1451, 1.31678, 0
31.2087, 1.31678, 0
31.2724, 1.31678, 0
31.3361, 1.31678, 0
31.3997, 1.31678, 0
31.4634, 1.31678, 0
31.5271, 1.31678, 0
31.5908, 1.31678, 0
31.6544, 1.31678, 0
31.7181, 1.31678, 0
31.7818, 1.31678, 0
31.8454, 1.31678, 0
31.9091, 1.31678, 0
31.9728, 1.31678, 0
32.0364, 1.31678, 0
32.1001, 1.31678, 0
32.1638, 1.31678, 0
32.2275, 1.31678, 0
32.2911, 1.31678, 0
32.3548, 1.31678, 0
32.4185, 1.31678, 0
32.4821, 1.31678, 0
32.5458, 1.31678, 0
32.6095, 1.31678, 0
32.6731, 1.31678, 0
32.7368, 1.31678, 0
32.8005, 1.31678, 0
32.8642, 1.31678, 0
32.9278, 1.31678, 0
32.9915, 1.31678, 0
33.0552, 1.31678, 0
33.1188, 1.31678, 0
33.1825, 1.31678, 0
33.2462, 1.31678, 0
33.3098, 1.31678, 0
33.3735, 1.31678, 0
33.4372, 1.31678, 0
33.5009, 1.31678, 0
33.5645, 1.25311, 0
33.6282, 1.25311, 0
33.6919, 1.25311, 0
33.7555, 1.25311, 0
33.8192, 1.25311, 0
33.8829, 1.25311, 0
33.9465, 1.18944, 0
34.0102, 1.18944, 0
34.0739, 1.18944, 0
34.1376, 1.18944, 0
34.2012, 1.18944, 0
34.2649, 1.18944, 0
34.3286, 1.12577, 0
34.3922, 1.12577, 0
34.4559, 1.12577, 0
34.5196, 1.12577, 0
34.5832, 1.12577, 0
34.6469, 1.12577, 0
34.7106, 1.0621, 0
34.7743, 1.0621, 0
34.8379, 1.0621, 0
34.9016, 1.0621, 0
34.9653, 0.998432, 0
35.0289, 0.934762, 0
35.0926, 0.934762, 0
35.1563, 0.871092, 0
35.2199, 0.871092, 0
35.2836, 0.871092, 0
35.3473, 0.871092, 0
35.411, 0.871092, 0
35.4746, 0.871092, 0
35.5383, 0.807422, 0
35.602, 0.807422, 0
35.6656, 0.807422, 0
35.7293, 0.807422, 0
35.793, 0.807422, 0
35.8566, 0.807422, 0
35.9203, 0.743752, 0
35.984, 0.743752, 0
36.0477, 0.743752, 0
36.1113, 0.743752, 0
36.175, 0.680082, 0
36.2387, 0.616412, 0
36.3023, 0.616412, 0
36.366, 0.552742, 0
36.4297, 0.552742, 0
36.4933, 0.552742, 0
36.557, 0.552742, 0
36.6207, 0.552742, 0
36.6844, 0.552742, 0
36.748, 0.489072, 0
36.8117, 0.489072, 0
36.8754, 0.489072, 0
36.939, 0.489072, 0
37.0027, 0.489072, 0
37.0664, 0.489072, 0
37.13, 0.425402, 0
37.1937, 0.425402, 0
37.2574, 0.425402, 0
37.3211, 0.425402, 0
37.3847, 0.361732, 0
37.4484, 0.298062, 0
37.5121, 0.298062, 0
37.5757, 0.234392, 0
37.6394, 0.234392, 0
37.7031, 0.234392, 0
37.7667, 0.234392, 0
37.8304, 0.234392, 0
37.8941, 0.234392, 0
37.9578, 0.170722, 0
38.0214, 0.170722, 0
38.0851, 0.170722, 0
38.1488, 0.170722, 0
38.2124, 0.170722, 0
38.2761, 0.170722, 0
38.3398, 0.107052, 0
38.4034, 0.107052, 0
38.4671, 0.107052, 0
38.5308, 0.107052, 0
38.5945, 0.0433823, 0
38.6581, -0.0202877, 0
38.7218, -0.0202877, 0
38.7855, -0.0839577, 0
38.8491, -0.0839577, 0
38.9128, -0.0839577, 0
38.9765, -0.0839577, 0
39.0401, -0.0839577, 0
39.1038, -0.0839577, 0
39.1675, -0.147628, 0
39.2312, -0.147628, 0
39.2948, -0.147628, 0
39.3585, -0.147628, 0
39.4222, -0.147628, 0
39.4858, -0.147628, 0
39.5495, -0.211298, 0
39.6132, -0.211298, 0
39.6768, -0.211298, 0
39.7405, -0.211298, 0
39.8042, -0.274968, 0
39.8679, -0.338638, 0
39.9315, -0.338638, 0
39.9952, -0.402308, 0
40.0589, -0.402308, 0
40.1225, -0.402308, 0
40.1862, -0.402308, 0
40.2499, -0.402308, 0
40.3135, -0.402308, 0
40.3772, -0.465978, 0
40.4409, -0.465978, 0
40.5046, -0.465978, 0
40.5682, -0.465978, 0
40.6319, -0.465978, 0
40.6956, -0.465978, 0
40.7592, -0.529648, 0
40.8229, -0.529648, 0
40.8866, -0.529648, 0
40.9502, -0.529648, 0
41.0139, -0.593318, 0
41.0776, -0.656988, 0
41.1413, -0.656988, 0
41.2049, -0.720658, 0
41.2686, -0.720658, 0
41.3323, -0.720658, 0
41.3959, -0.720658, 0
41.4596, -0.720658, 0
41.5233, -0.784328, 0
41.5869, -0.784328, 0
41.6506, -0.847998, 0
41.7143, -0.847998, 0
41.778, -0.911668, 0
41.8416, -0.911668, 0
41.9053, -0.975338, 0
41.969, -0.975338, 0
42.0326, -0.975338, 0
42.0963, -1.03901, 0
42.16, -1.03901, 0
42.2236, -1.10268, 0
42.2873, -1.10268, 0
42.351, -1.16635, 0
42.4147, -1.16635, 0
42.4783, -1.16635, 0
42.542, -1.23002, 0
42.6057, -1.23002, 0
42.6693, -1.23002, 0
42.733, -1.29369, 0
42.7967, -1.29369, 0
42.8603, -1.29369, 0
42.924, -1.35736, 0
42.9877, -1.35736, 0
43.0514, -1.35736, 0
43.115, -1.35736, 0
43.1787, -1.42103, 0
43.2424, -1.42103, 0
43.306, -1.42103, 0
43.3697, -1.42103, 0
43.4334, -1.4847, 0
43.497, -1.4847, 0
43.5607, -1.4847, 0
43.6244, -1.4847, 0
43.6881, -1.4847, 0
43.7517, -1.54837, 0
43.8154, -1.54837, 0
43.8791, -1.54837, 0
43.9427, -1.54837, 0
44.0064, -1.54837, 0
44.0701, -1.54837, 0
44.1337, -1.61204, 0
44.1974, -1.61204, 0
44.2611, -1.61204, 0
44.3248, -1.61204, 0
44.3884, -1.61204, 0
44.4521, -1.61204, 0
44.5158, -1.61204, 0
44.5794, -1.61204, 0
44.6431, -1.67571, 0
44.7068, -1.67571, 0
44.7704, -1.67571, 0
44.8341, -1.67571, 0
44.8978, -1.67571, 0
44.9615, -1.67571, 0
45.0251, -1.67571, 0
45.0888, -1.67571, 0
45.1525, -1.67571, 0
45.2161, -1.67571, 0
45.2798, -1.67571, 0
45.3435, -1.67571, 0
45.4071, -1.67571, 0
45.4708, -1.67571, 0
45.5345, -1.67571, 0
45.5982, -1.67571, 0
45.6618, -1.67571, 0
45.7255, -1.67571, 0
45.7892, -1.67571, 0
45.8528, -1.67571, 0
45.9165, -1.67571, 0
45.9802, -1.67571, 0
46.0438, -1.67571, 0
46.1075, -1.67571, 0
46.1712, -1.67571, 0
46.2349, -1.67571, 0
46.2985, -1.67571, 0
46.3622, -1.61204, 0
46.4259, -1.61204, 0
46.4895, -1.61204, 0
46.5532, -1.61204, 0
46.6169, -1.61204, 0
46.6805, -1.61204, 0
46.7442, -1.61204, 0
46.8079, -1.61204, 0
46.8716, -1.54837, 0
46.9352, -1.54837, 0
46.9989, -1.54837, 0
47.0626, -1.54837, 0
47.1262, -1.54837, 0
47.1899, -1.54837, 0
47.2536, -1.4847, 0
47.3172, -1.4847, 0
47.3809, -1.4847, 0
47.4446, -1.4847, 0
47.5083, -1.4847, 0
47.5719, -1.42103, 0
47.6356, -1.42103, 0
47.6993, -1.42103, 0
47.7629, -1.42103, 0
47.8266, -1.35736, 0
47.8903, -1.35736, 0
47.9539, -1.35736, 0
48.0176, -1.35736, 0
48.0813, -1.29369, 0
48.145, -1.29369, 0
48.2086, -1.29369, 0
48.2723, -1.23002, 0
48.336, -1.23002, 0
48.3996, -1.23002, 0
48.4633, -1.16635, 0
48.527, -1.16635, 0
48.5906, -1.16635, 0
48.6543, -1.10268, 0
48.718, -1.10268, 0
48.7817, -1.03901, 0
48.8453, -1.03901, 0
48.909, -1.03901, 0
48.9727, -0.975338, 0
49.0363, -0.975338, 0
49.1, -0.911668, 0
49.1637, -0.911668, 0
49.2273, -0.847998, 0
49.291, -0.847998, 0
49.3547, -0.784328, 0
49.4184, -0.784328, 0
49.482, -0.784328, 0
49.5457, -0.720658, 0
49.6094, -0.720658, 0
49.673, -0.656988, 0
49.7367, -0.593318, 0
49.8004, -0.593318, 0
49.864, -0.529648, 0
49.9277, -0.529648, 0
49.9914, -0.529648, 0
50.0551, -0.529648, 0
50.1187, -0.465978, 0
50.1824, -0.465978, 0
50.2461, -0.465978, 0
50.3097, -0.465978, 0
50.3734, -0.402308, 0
50.4371, -0.402308, 0
50.5007, -0.402308, 0
50.5644, -0.402308, 0
50.6281, -0.338638, 0
50.6918, -0.338638, 0
50.7554, -0.338638, 0
50.8191, -0.338638, 0
50.8828, -0.274968, 0
50.9464, -0.274968, 0
51.0101, -0.274968, 0
51.0738, -0.274968, 0
51.1374, -0.274968, 0
51.2011, -0.211298, 0
51.2648, -0.147628, 0
51.3285, -0.147628, 0
51.3921, -0.0839577, 0
51.4558, -0.0202877, 0
51.5195, -0.0202877, 0
51.5831, 0.0433823, 0
51.6468, 0.107052, 0
51.7105, 0.107052, 0
51.7741, 0.170722, 0
51.8378, 0.234392, 0
51.9015, 0.234392, 0
51.9652, 0.298062, 0
52.0288, 0.298062, 0
52.0925, 0.361732, 0
52.1562, 0.361732, 0
52.2198, 0.425402, 0
52.2835, 0.425402, 0
52.3472, 0.489072, 0
52.4108, 0.489072, 0
52.4745, 0.489072, 0
52.5382, 0.552742, 0
52.6019, 0.552742, 0
52.6655, 0.616412, 0
52.7292, 0.616412, 0
52.7929, 0.680082, 0
52.8565, 0.680082, 0
52.9202, 0.680082, 0
52.9839, 0.743752, 0
53.0475, 0.743752, 0
53.1112, 0.743752, 0
53.1749, 0.807422, 0
53.2386, 0.807422, 0
53.3022, 0.807422, 0
53.3659, 0.871092, 0
53.4296, 0.871092, 0
53.4932, 0.871092, 0
53.5569, 0.871092, 0
53.6206, 0.934762, 0
53.6842, 0.934762, 0
53.7479, 0.934762, 0
53.8116, 0.934762, 0
53.8753, 0.998432, 0
53.9389, 0.998432, 0
54.0026, 0.998432, 0
54.0663, 0.998432, 0
54.1299, 0.998432, 0
54.1936, 1.0621, 0
54.2573, 1.0621, 0
54.3209, 1.0621, 0
54.3846, 1.0621, 0
54.4483, 1.0621, 0
54.512, 1.0621, 0
54.5756, 1.12577, 0
54.6393, 1.12577, 0
54.703, 1.12577, 0
54.7666, 1.12577, 0
54.8303, 1.12577, 0
54.894, 1.12577, 0
54.9576, 1.12577, 0
55.0213, 1.12577, 0
55.085, 1.18944, 0
55.1487, 1.18944, 0
55.2123, 1.18944, 0
55.276, 1.18944, 0
55.3397, 1.18944, 0
55.4033, 1.18944, 0
55.467, 1.18944, 0
55.5307, 1.18944, 0
55.5943, 1.18944, 0
55.658, 1.18944, 0
55.7217, 1.18944, 0
55.7854, 1.18944, 0
55.849, 1.18944, 0
55.9127, 1.18944, 0
55.9764, 1.18944, 0
56.04, 1.18944, 0
56.1037, 1.18944, 0
56.1674, 1.18944, 0
56.231, 1.18944, 0
56.2947, 1.18944, 0
56.3584, 1.18944, 0
56.4221, 1.18944, 0
56.4857, 1.18944, 0
56.5494, 1.18944, 0
56.6131, 1.18944, 0
56.6767, 1.18944, 0
56.7404, 1.18944, 0
56.8041, 1.18944, 0
56.8677, 1.18944, 0
56.9314, 1.18944, 0
56.9951, 1.18944, 0
57.0588, 1.18944, 0
57.1224, 1.18944, 0
57.1861, 1.18944, 0
57.2498, 1.18944, 0
57.3134, 1.18944, 0
57.3771, 1.18944, 0
57.4408, 1.18944, 0
57.5044, 1.18944, 0
57.5681, 1.12577, 0
57.6318, 1.12577, 0
57.6955, 1.12577, 0
57.7591, 1.12577, 0
57.8228, 1.12577, 0
57.8865, 1.0621, 0
57.9501, 1.0621, 0
58.0138, 0.998432, 0
58.0775, 0.998432, 0
58.1411, 0.998432, 0
58.2048, 0.998432, 0
58.2685, 0.998432, 0
58.3322, 0.998432, 0
58.3958, 0.998432, 0
58.4595, 0.998432, 0
58.5232, 0.998432, 0
58.5868, 0.998432, 0
58.6505, 0.998432, 0
58.7142, 0.998432, 0
58.7778, 0.998432, 0
58.8415, 0.998432, 0
58.9052, 0.998432, 0
58.9689, 0.998432, 0
59.0325, 0.998432, 0
59.0962, 0.998432, 0
59.1599, 0.998432, 0
59.2235, 0.998432, 0
59.2872, 0.998432, 0
59.3509, 0.998432, 0
59.4145, 0.998432, 0
59.4782, 0.998432, 0
59.5419, 0.998432, 0
59.6056, 0.998432, 0
59.6692, 0.998432, 0
59.7329, 0.998432, 0
59.7966, 0.934762, 0
59.8602, 0.934762, 0
59.9239, 0.934762, 0
59.9876, 0.934762, 0
60.0512, 0.934762, 0
60.1149, 0.934762, 0
60.1786, 0.871092, 0
60.2423, 0.871092, 0
60.3059, 0.871092, 0
60.3696, 0.871092, 0
60.4333, 0.871092, 0
60.4969, 0.871092, 0
60.5606, 0.807422, 0
60.6243, 0.807422, 0
60.6879, 0.807422, 0
60.7516, 0.807422, 0
60.8153, 0.743752, 0
60.879, 0.680082, 0
60.9426, 0.680082, 0
61.0063, 0.616412, 0
61.07, 0.616412, 0
61.1336, 0.616412, 0
61.1973, 0.616412, 0
61.261, 0.616412, 0
61.3246, 0.616412, 0
61.3883, 0.552742, 0
61.452, 0.552742, 0
61.5157, 0.552742, 0
61.5793, 0.552742, 0
61.643, 0.552742, 0
61.7067, 0.552742, 0
61.7703, 0.489072, 0
61.834, 0.489072, 0
61.8977, 0.489072, 0
61.9613, 0.489072, 0
62.025, 0.425402, 0
62.0887, 0.361732, 0
62.1524, 0.361732, 0
62.216, 0.298062, 0
62.2797, 0.298062, 0
62.3434, 0.298062, 0
62.407, 0.298062, 0
62.4707, 0.298062, 0
62.5344, 0.298062, 0
62.598, 0.234392, 0
62.6617, 0.234392, 0
62.7254, 0.234392, 0
62.7891, 0.234392, 0
62.8527, 0.234392, 0
62.9164, 0.234392, 0
62.9801, 0.170722, 0
63.0437, 0.170722, 0
63.1074, 0.170722, 0
63.1711, 0.170722, 0
63.2347, 0.107052, 0
63.2984, 0.0433823, 0
63.3621, 0.0433823, 0
63.4258, -0.0202877, 0
63.4894, -0.0202877, 0
63.5531, -0.0202877, 0
63.6168, -0.0202877, 0
63.6804, -0.0202877, 0
63.7441, -0.0202877, 0
63.8078, -0.0839577, 0
63.8714, -0.0839577, 0
63.9351, -0.0839577, 0
63.9988, -0.0839577, 0
64.0625, -0.0839577, 0
64.1261, -0.0839577, 0
64.1898, -0.147628, 0
64.2535, -0.147628, 0
64.3171, -0.147628, 0
64.3808, -0.147628, 0
64.4445, -0.211298, 0
64.5081, -0.211298, 0
64.5718, -0.211298, 0
64.6355, -0.211298, 0
64.6992, -0.274968, 0
64.7628, -0.338638, 0
64.8265, -0.338638, 0
64.8902, -0.338638, 0
64.9538, -0.338638, 0
65.0175, -0.402308, 0
65.0812, -0.402308, 0
65.1448, -0.402308, 0
65.2085, -0.402308, 0
65.2722, -0.402308, 0
65.3359, -0.402308, 0
65.3995, -0.465978, 0
65.4632, -0.465978, 0
65.5269, -0.465978, 0
65.5905, -0.465978, 0
65.6542, -0.529648, 0
65.7179, -0.529648, 0
65.7815, -0.529648, 0
65.8452, -0.529648, 0
65.9089, -0.593318, 0
65.9726, -0.593318, 0
66.0362, -0.593318, 0
66.0999, -0.656988, 0
66.1636, -0.656988, 0
66.2272, -0.720658, 0
66.2909, -0.720658, 0
66.3546, -0.784328, 0
66.4182, -0.784328, 0
66.4819, -0.784328, 0
66.5456, -0.847998, 0
66.6093, -0.847998, 0
66.6729, -0.847998, 0
66.7366, -0.847998, 0
66.8003, -0.911668, 0
66.8639, -0.911668, 0
66.9276, -0.911668, 0
66.9913, -0.911668, 0
67.0549, -0.911668, 0
67.1186, -0.975338, 0
67.1823, -0.975338, 0
67.246, -0.975338, 0
67.3096, -0.975338, 0
67.3733, -0.975338, 0
67.437, -0.975338, 0
67.5006, -0.975338, 0
67.5643, -0.975338, 0
67.628, -0.975338, 0
67.6916, -0.975338, 0
67.7553, -0.975338, 0
67.819, -0.975338, 0
67.8827, -0.911668, 0
67.9463, -0.911668, 0
68.01, -0.911668, 0
68.0737, -0.911668, 0
68.1373, -0.911668, 0
68.201, -0.911668, 0
68.2647, -0.847998, 0
68.3283, -0.847998, 0
68.392, -0.847998, 0
68.4557, -0.784328, 0
68.5194, -0.784328, 0
68.583, -0.784328, 0
68.6467, -0.720658, 0
68.7104, -0.720658, 0
68.774, -0.656988, 0
68.8377, -0.656988, 0
68.9014, -0.593318, 0
68.965, -0.593318, 0
69.0287, -0.529648, 0
69.0924, -0.529648, 0
69.1561, -0.465978, 0
69.2197, -0.402308, 0
69.2834, -0.402308, 0
69.3471, -0.338638, 0
69.4107, -0.274968, 0
69.4744, -0.211298, 0
69.5381, -0.147628, 0
69.6017, -0.0839577, 0
69.6654, -0.0202877, 0
69.7291, 0.0433823, 0
69.7928, 0.107052, 0
69.8564, 0.170722, 0
69.9201, 0.234392, 0
69.9838, 0.298062, 0
70.0474, 0.298062, 0
70.1111, 0.298062, 0
70.1748, 0.298062, 0
70.2384, 0.298062, 0
70.3021, 0.298062, 0
70.3658, 0.361732, 0
70.4295, 0.361732, 0
70.4931, 0.361732, 0
70.5568, 0.425402, 0
70.6205, 0.425402, 0
70.6841, 0.489072, 0
70.7478, 0.489072, 0
70.8115, 0.489072, 0
70.8751, 0.552742, 0
70.9388, 0.552742, 0
71.0025, 0.552742, 0
71.0662, 0.552742, 0
71.1298, 0.616412, 0
71.1935, 0.616412, 0
71.2572, 0.616412, 0
71.3208, 0.616412, 0
71.3845, 0.616412, 0
71.4482, 0.680082, 0
71.5118, 0.680082, 0
71.5755, 0.680082, 0
71.6392, 0.680082, 0
71.7029, 0.680082, 0
71.7665, 0.680082, 0
71.8302, 0.680082, 0
71.8939, 0.680082, 0
71.9575, 0.680082, 0
72.0212, 0.680082, 0
72.1485, 0.680082, 0
72.2122, 0.616412, 0
72.2759, 0.616412, 0
72.3396, 0.616412, 0
72.4032, 0.616412, 0
72.4669, 0.616412, 0
72.5306, 0.616412, 0
72.5942, 0.552742, 0
72.6579, 0.552742, 0
72.7216, 0.552742, 0
72.7852, 0.489072, 0
72.8489, 0.489072, 0
72.9126, 0.489072, 0
72.9763, 0.425402, 0
73.0399, 0.425402, 0
73.1036, 0.361732, 0
73.1673, 0.361732, 0
73.2309, 0.298062, 0
73.2946, 0.298062, 0
73.3583, 0.234392, 0
73.4219, 0.234392, 0
73.4856, 0.170722, 0
73.5493, 0.107052, 0
73.613, 0.107052, 0
73.6766, 0.107052, 0
73.7403, 0.0433823, 0
73.804, -0.0202877, 0
73.8676, -0.0202877, 0
73.9313, -0.0839577, 0
73.995, -0.0839577, 0
74.0586, -0.0839577, 0
74.1223, -0.0839577, 0
74.186, -0.0839577, 0
74.2497, -0.0839577, 0
74.3133, -0.147628, 0
74.377, -0.147628, 0
74.4407, -0.147628, 0
74.5043, -0.147628, 0
74.568, -0.211298, 0
74.6317, -0.274968, 0
74.6953, -0.274968, 0
74.759, -0.338638, 0
74.8227, -0.338638, 0
74.8864, -0.402308, 0
74.95, -0.402308, 0
75.0137, -0.465978, 0
75.0774, -0.465978, 0
75.141, -0.529648, 0
75.2047, -0.529648, 0
75.2684, -0.529648, 0
75.332, -0.593318, 0
75.3957, -0.593318, 0
75.4594, -0.593318, 0
75.5231, -0.593318, 0
75.5867, -0.593318, 0
75.6504, -0.656988, 0
75.7141, -0.656988, 0
75.7777, -0.656988, 0
75.8414, -0.656988, 0
75.9051, -0.656988, 0
75.9687, -0.656988, 0
76.0324, -0.656988, 0
76.0961, -0.656988, 0
76.1598, -0.656988, 0
76.2234, -0.656988, 0
76.2871, -0.656988, 0
76.3508, -0.656988, 0
76.4144, -0.656988, 0
76.4781, -0.656988, 0
76.5418, -0.656988, 0
76.6054, -0.656988, 0
76.6691, -0.656988, 0
76.7328, -0.656988, 0
76.7965, -0.593318, 0
76.8601, -0.593318, 0
76.9238, -0.593318, 0
76.9875, -0.593318, 0
77.0511, -0.593318, 0
77.1148, -0.529648, 0
77.1785, -0.529648, 0
77.2421, -0.529648, 0
77.3058, -0.465978, 0
77.3695, -0.465978, 0
77.4332, -0.402308, 0
77.4968, -0.402308, 0
77.5605, -0.338638, 0
77.6242, -0.338638, 0
77.6878, -0.274968, 0
77.7515, -0.274968, 0
77.8152, -0.211298, 0
77.8788, -0.147628, 0
77.9425, -0.147628, 0
78.0062, -0.0839577, 0
78.0699, -0.0202877, 0
78.1335, 0.0433823, 0
78.1972, 0.107052, 0
78.2609, 0.170722, 0
78.3245, 0.234392, 0
78.3882, 0.298062, 0
78.4519, 0.361732, 0
78.5155, 0.425402, 0
78.5792, 0.489072, 0
78.6429, 0.489072, 0
78.7066, 0.489072, 0
78.7702, 0.489072, 0
78.8339, 0.489072, 0
78.8976, 0.489072, 0
78.9612, 0.552742, 0
79.0249, 0.552742, 0
79.0886, 0.552742, 0
79.1522, 0.552742, 0
79.2159, 0.616412, 0
79.2796, 0.616412, 0
79.3433, 0.616412, 0
79.4069, 0.616412, 0
79.4706, 0.616412, 0
79.5343, 0.680082, 0
79.5979, 0.680082, 0
79.6616, 0.743752, 0
79.7253, 0.743752, 0
79.7889, 0.743752, 0
79.8526, 0.807422, 0
79.9163, 0.807422, 0
79.98, 0.807422, 0
80.0436, 0.807422, 0
80.1073, 0.807422, 0
80.171, 0.871092, 0
80.2346, 0.871092, 0
80.2983, 0.871092, 0
80.362, 0.871092, 0
80.4256, 0.871092, 0
80.4893, 0.871092, 0
80.553, 0.871092, 0
80.6167, 0.871092, 0
80.6803, 0.871092, 0
80.744, 0.871092, 0
80.8077, 0.871092, 0
80.8713, 0.871092, 0
80.935, 0.871092, 0
80.9987, 0.871092, 0
81.0623, 0.871092, 0
81.126, 0.871092, 0
81.1897, 0.871092, 0
81.2534, 0.871092, 0
81.317, 0.807422, 0
81.3807, 0.807422, 0
81.4444, 0.807422, 0
81.508, 0.807422, 0
81.5717, 0.807422, 0
81.6354, 0.743752, 0
81.699, 0.743752, 0
81.7627, 0.743752, 0
81.8264, 0.680082, 0
81.8901, 0.680082, 0
81.9537, 0.616412, 0
82.0174, 0.616412, 0
82.0811, 0.552742, 0
82.1447, 0.552742, 0
82.2084, 0.489072, 0
82.2721, 0.489072, 0
82.3357, 0.425402, 0
82.3994, 0.361732, 0
82.4631, 0.361732, 0
82.5268, 0.298062, 0
82.5904, 0.234392, 0
82.6541, 0.170722, 0
82.7178, 0.107052, 0
82.7814, 0.0433823, 0
82.8451, -0.0202877, 0
82.9088, -0.0839577, 0
82.9724, -0.147628, 0
83.0361, -0.211298, 0
83.0998, -0.274968, 0
83.1635, -0.274968, 0
83.2271, -0.338638, 0
83.2908, -0.338638, 0
83.3545, -0.338638, 0
83.4181, -0.338638, 0
83.4818, -0.402308, 0
83.5455, -0.402308, 0
83.6091, -0.402308, 0
83.6728, -0.402308, 0
83.7365, -0.465978, 0
83.8002, -0.465978, 0
83.8638, -0.529648, 0
83.9275, -0.529648, 0
83.9912, -0.593318, 0
84.0548, -0.593318, 0
84.1185, -0.656988, 0
84.1822, -0.656988, 0
84.2458, -0.656988, 0
84.3095, -0.720658, 0
84.3732, -0.720658, 0
84.4369, -0.720658, 0
84.5005, -0.720658, 0
84.5642, -0.784328, 0
84.6279, -0.784328, 0
84.6915, -0.784328, 0
84.7552, -0.784328, 0
84.8189, -0.784328, 0
84.8825, -0.847998, 0
84.9462, -0.847998, 0
85.0099, -0.847998, 0
85.0736, -0.847998, 0
85.1372, -0.847998, 0
85.2009, -0.847998, 0
85.2646, -0.847998, 0
85.3282, -0.847998, 0
85.3919, -0.847998, 0
85.4556, -0.847998, 0
85.5192, -0.847998, 0
85.5829, -0.847998, 0
85.6466, -0.784328, 0
85.7103, -0.784328, 0
85.7739, -0.784328, 0
85.8376, -0.784328, 0
85.9013, -0.784328, 0
85.9649, -0.784328, 0
86.0286, -0.784328, 0
86.0923, -0.720658, 0
86.1559, -0.720658, 0
86.2196, -0.720658, 0
86.2833, -0.720658, 0
86.347, -0.656988, 0
86.4106, -0.593318, 0
86.4743, -0.593318, 0
86.538, -0.593318, 0
86.6016, -0.593318, 0
86.6653, -0.529648, 0
86.729, -0.529648, 0
86.7926, -0.529648, 0
86.8563, -0.529648, 0
86.92, -0.529648, 0
86.9837, -0.529648, 0
87.0473, -0.529648, 0
87.111, -0.529648, 0
87.1747, -0.529648, 0
87.2383, -0.529648, 0
87.302, -0.465978, 0
87.3657, -0.465978, 0
87.4293, -0.465978, 0
87.493, -0.465978, 0
87.5567, -0.465978, 0
87.6204, -0.402308, 0
87.684, -0.402308, 0
87.7477, -0.402308, 0
87.8114, -0.402308, 0
87.875, -0.402308, 0
87.9387, -0.402308, 0
88.0024, -0.338638, 0
88.066, -0.338638, 0
88.1297, -0.338638, 0
88.1934, -0.338638, 0
88.2571, -0.274968, 0
88.3207, -0.274968, 0
88.3844, -0.274968, 0
88.4481, -0.274968, 0
88.5117, -0.274968, 0
88.5754, -0.211298, 0
88.6391, -0.211298, 0
88.7027, -0.211298, 0
88.7664, -0.211298, 0
88.8301, -0.211298, 0
88.8938, -0.211298, 0
88.9574, -0.147628, 0
89.0211, -0.147628, 0
89.0848, -0.147628, 0
89.1484, -0.147628, 0
89.2121, -0.0839577, 0
89.2758, -0.0839577, 0
89.3394, -0.0839577, 0
89.4031, -0.0839577, 0
89.4668, -0.0839577, 0
89.5305, -0.0202877, 0
89.5941, -0.0202877, 0
89.5941, -0.0202877, 0
89.6578, -0.0202877, 0
89.7215, -0.0202877, 0
89.7851, -0.0202877, 0
89.8488, -0.0202877, 0
89.9125, -0.0202877, 0
89.9761, -0.0202877, 0
90.0398, -0.0202877, 0
90.1035, -0.0202877, 0
90.1672, -0.0202877, 0
90.2308, -0.0202877, 0
90.2945, -0.0202877, 0
90.3582, -0.0202877, 0
90.4218, -0.0202877, 0
90.4855, -0.0202877, 0
90.5492, -0.0202877, 0
90.6128, -0.0202877, 0
90.6765, -0.0202877, 0
90.7402, -0.0202877, 0
90.8039, -0.0202877, 0
90.8675, -0.0202877, 0
90.9312, -0.0202877, 0
90.9949, -0.0202877, 0
91.0585, -0.0202877, 0
91.1222, -0.0202877, 0
91.1859, -0.0202877, 0
91.2495, -0.0202877, 0
91.3132, -0.0202877, 0
91.3769, -0.0202877, 0
91.4406, -0.0202877, 0
91.5042, -0.0202877, 0
91.5679, -0.0202877, 0
91.6316, -0.0202877, 0
91.6952, -0.0202877, 0
91.7589, -0.0202877, 0
91.8226, -0.0202877, 0
91.8862, -0.0202877, 0
91.9499, -0.0202877, 0
92.0136, -0.0202877, 0
92.0773, -0.0202877, 0
92.1409, -0.0202877, 0
92.2046, -0.0202877, 0
92.2683, -0.0202877, 0
92.3319, -0.0202877, 0
92.3956, -0.0202877, 0
92.4593, -0.0202877, 0
92.5229, -0.0202877, 0
92.5866, -0.0202877, 0
92.6503, -0.0202877, 0
92.714, -0.0202877, 0
92.7776, -0.0202877, 0
92.8413, -0.0202877, 0
92.905, -0.0202877, 0
92.9686, -0.0202877, 0
93.0323, -0.0202877, 0
93.096, -0.0202877, 0
93.1596, -0.0202877, 0
93.2233, -0.0202877, 0
93.287, -0.0202877, 0
93.3507, -0.0202877, 0
93.4143, -0.0202877, 0
93.478, -0.0202877, 0
93.5417, -0.0202877, 0
93.6053, -0.0202877, 0
93.669, -0.0202877, 0
93.7327, -0.0202877, 0
93.7963, -0.0202877, 0
93.86, -0.0202877, 0
93.9237, -0.0202877, 0
93.9874, -0.0202877, 0
94.051, -0.0202877, 0
94.1147, -0.0202877, 0
94.1784, -0.0202877, 0
94.242, -0.0202877, 0
94.3057, -0.0202877, 0
94.3694, -0.0202877, 0
94.433, -0.0202877, 0
94.4967, -0.0202877, 0
94.5604, -0.0202877, 0
94.6241, -0.0202877, 0
94.6877, -0.0202877, 0
94.7514, -0.0202877, 0
94.8151, -0.0202877, 0
94.8787, -0.0202877, 0
94.9424, -0.0202877, 0
95.0061, -0.0202877, 0
95.0697, -0.0202877, 0
95.1334, -0.0202877, 0
95.1971, -0.0202877, 0
95.2608, -0.0202877, 0
95.3244, -0.0202877, 0
95.3881, -0.0202877, 0
95.4518, -0.0202877, 0
95.5154, -0.0202877, 0
95.5791, -0.0202877, 0
95.6428, -0.0202877, 0
95.7064, -0.0202877, 0
95.7701, -0.0202877, 0
95.8338, -0.0202877, 0
95.8975, -0.0202877, 0
95.9611, -0.0202877, 0
96.0248, -0.0202877, 0
96.0885, -0.0202877, 0
96.1521, -0.0202877, 0
96.2158, -0.0202877, 0
96.2795, -0.0202877, 0
96.3431, -0.0202877, 0
96.4068, -0.0202877, 0
96.4705, -0.0202877, 0
96.5342, -0.0202877, 0
96.5978, -0.0202877, 0
96.6615, -0.0202877, 0
96.7252, -0.0202877, 0
96.7888, -0.0202877, 0
96.8525, -0.0202877, 0
96.9162, -0.0202877, 0
96.9798, -0.0202877, 0
97.0435, -0.0202877, 0
97.1072, -0.0202877, 0
97.1709, -0.0202877, 0
97.2345, -0.0202877, 0
97.2982, -0.0202877, 0
97.3619, -0.0202877, 0
97.4255, -0.0202877, 0
97.4892, -0.0202877, 0
97.5529, -0.0202877, 0
97.6165, -0.0202877, 0
97.6802, -0.0202877, 0
97.7439, -0.0202877, 0
97.8076, -0.0202877, 0
97.8712, -0.0202877, 0
97.9349, -0.0202877, 0
97.9986, -0.0202877, 0
98.0622, -0.0202877, 0
98.1259, -0.0202877, 0
98.1896, -0.0202877, 0
98.2532, -0.0202877, 0
98.3169, -0.0202877, 0
98.3806, -0.0202877, 0
98.4443, -0.0202877, 0
98.5079, -0.0202877, 0
98.5716, -0.0202877, 0
98.6353, -0.0202877, 0
98.6989, -0.0202877, 0
98.7626, -0.0202877, 0
98.8263, -0.0202877, 0
98.8899, -0.0202877, 0
98.9536, -0.0202877, 0
99.0173, -0.0202877, 0
99.081, -0.0202877, 0
99.1446, -0.0202877, 0
99.2083, -0.0202877, 0
99.272, -0.0202877, 0
99.3356, -0.0202877, 0
99.3993, -0.0202877, 0
99.463, -0.0202877, 0
99.5266, -0.0202877, 0
99.5903, -0.0202877, 0
99.654, -0.0202877, 0
99.7177, -0.0202877, 0
99.7813, -0.0202877, 0
99.845, -0.0202877, 0
99.9087, -0.0202877, 0
99.9723, -0.0202877, 0
100.036, -0.0202877, 0
100.1, -0.0202877, 0
100.163, -0.0202877, 0
100.227, -0.0202877, 0
100.291, -0.0202877, 0
100.354, -0.0202877, 0
100.418, -0.0202877, 0
100.482, -0.0202877, 0
100.545, -0.0202877, 0
100.609, -0.0202877, 0
100.673, -0.0202877, 0
100.736, -0.0202877, 0
100.8, -0.0202877, 0
100.864, -0.0202877, 0
100.927, -0.0202877, 0
100.991, -0.0202877, 0
101.055, -0.0202877, 0
101.118, -0.0202877, 0
101.182, -0.0202877, 0
101.246, -0.0202877, 0
101.309, -0.0202877, 0
101.373, -0.0202877, 0
101.437, -0.0202877, 0
101.5, -0.0202877, 0
101.564, -0.0202877, 0
101.628, -0.0202877, 0
101.691, -0.0202877, 0
101.755, -0.0202877, 0
101.819, -0.0202877, 0
101.882, -0.0202877, 0
101.946, -0.0202877, 0
102.01, -0.0202877, 0
102.073, -0.0202877, 0
102.137, -0.0202877, 0
102.201, -0.0202877, 0
102.264, -0.0202877, 0
102.328, -0.0202877, 0
102.392, -0.0202877, 0
102.455, -0.0202877, 0
102.519, -0.0202877, 0
102.583, -0.0202877, 0
102.646, -0.0202877, 0
102.71, -0.0202877, 0
102.774, -0.0202877, 0
102.837, -0.0202877, 0
102.901, -0.0202877, 0
102.965, -0.0202877, 0
103.028, -0.0202877, 0
103.092, -0.0202877, 0
103.156, -0.0202877, 0
103.22, -0.0202877, 0
103.283, -0.0202877, 0
103.347, -0.0202877, 0
103.411, -0.0202877, 0
103.474, -0.0202877, 0
103.538, -0.0202877, 0
103.602, -0.0202877, 0
103.665, -0.0202877, 0
103.729, -0.0202877, 0
103.793, -0.0202877, 0
103.856, -0.0202877, 0
103.92, -0.0202877, 0
103.984, -0.0202877, 0
104.047, -0.0202877, 0
104.111, -0.0202877, 0
104.175, -0.0202877, 0
104.238, -0.0202877, 0
104.302, -0.0202877, 0
104.366, -0.0202877, 0
104.429, -0.0202877, 0
104.493, -0.0202877, 0
104.557, -0.0202877, 0
104.62, -0.0202877, 0
104.684, -0.0202877, 0
104.748, -0.0202877, 0
104.811, -0.0202877, 0
104.875, -0.0202877, 0
104.939, -0.0202877, 0
105.002, -0.0202877, 0
105.066, -0.0202877, 0
105.13, -0.0202877, 0
105.193, -0.0202877, 0
105.257, -0.0202877, 0
105.321, -0.0202877, 0
105.384, -0.0202877, 0
105.448, -0.0202877, 0
105.512, -0.0202877, 0
105.575, -0.0202877, 0
105.639, -0.0202877, 0
105.703, -0.0202877, 0
105.766, -0.0202877, 0
105.83, -0.0202877, 0
105.894, -0.0202877, 0
105.957, -0.0202877, 0
106.021, -0.0202877, 0
106.085, -0.0202877, 0
106.148, -0.0202877, 0
106.212, -0.0202877, 0
106.276, -0.0202877, 0
106.339, -0.0202877, 0
106.403, -0.0202877, 0
106.467, -0.0202877, 0
106.53, -0.0202877, 0
106.594, -0.0202877, 0
106.658, -0.0202877, 0
106.721, -0.0202877, 0
106.785, -0.0202877, 0
106.849, -0.0202877, 0
106.912, -0.0202877, 0
106.976, -0.0202877, 0
107.04, -0.0202877, 0
107.103, -0.0202877, 0
107.167, -0.0202877, 0
107.231, -0.0202877, 0
107.294, -0.0202877, 0
107.358, -0.0202877, 0
107.422, -0.0202877, 0
107.485, -0.0202877, 0
107.549, -0.0202877, 0
107.613, -0.0202877, 0
107.676, -0.0202877, 0
107.74, -0.0202877, 0
107.804, -0.0202877, 0
107.867, -0.0202877, 0
107.931, -0.0202877, 0
107.995, -0.0202877, 0
108.058, -0.0202877, 0
108.122, -0.0202877, 0
108.186, -0.0202877, 0
108.249, -0.0202877, 0
108.313, -0.0202877, 0
108.377, -0.0202877, 0
108.44, -0.0202877, 0
108.504, -0.0202877, 0
108.568, -0.0202877, 0
108.631, -0.0202877, 0
108.695, -0.0202877, 0
108.759, -0.0202877, 0
108.822, -0.0202877, 0
108.886, -0.0202877, 0
108.95, -0.0202877, 0
109.013, -0.0202877, 0
109.077, -0.0202877, 0
109.141, -0.0202877, 0
109.204, -0.0202877, 0
109.268, -0.0202877, 0
109.332, -0.0202877, 0
