1,0.040816307067871094,0.007245779037475586,gp
2,0.046685218811035156,0.009392738342285156,gp
3,0.05176115036010742,0.0034453868865966797,gp
4,0.061040401458740234,0.003705263137817383,gp
5,0.07318115234375,0.005270481109619141,gp
6,0.08112025260925293,0.0037317276000976562,gp
7,0.09107422828674316,0.003735065460205078,gp
8,0.10627150535583496,0.0025720596313476562,gp
9,0.11506152153015137,0.007706403732299805,gp
10,0.12105846405029297,0.0037140846252441406,gp
11,0.13109374046325684,0.0037703514099121094,gp
12,0.14107179641723633,0.0037441253662109375,gp
13,0.1548771858215332,0.0024111270904541016,gp
14,0.1621549129486084,0.0026023387908935547,gp
15,0.17155981063842773,0.003409862518310547,gp
16,0.18110895156860352,0.0037529468536376953,gp
17,0.19109082221984863,0.0038003921508789062,gp
18,0.20516610145568848,0.0078125,gp
19,0.21108007431030273,0.0037140846252441406,gp
20,0.22108864784240723,0.0037240982055664062,gp
21,0.23117327690124512,0.0037419795989990234,gp
22,0.24292445182800293,0.005535602569580078,gp
23,0.25116777420043945,0.0034203529357910156,gp
24,0.2613253593444824,0.003956794738769531,gp
25,0.27109456062316895,0.003726482391357422,gp
26,0.2854878902435303,0.008162736892700195,gp
27,0.29221558570861816,0.0043032169342041016,gp
28,0.3011155128479004,0.0037631988525390625,gp
29,0.3111550807952881,0.00382232666015625,gp
30,0.32627034187316895,0.008937358856201172,gp
31,0.3310823440551758,0.003343820571899414,gp
32,0.34119462966918945,0.0038805007934570312,gp
33,0.3513529300689697,0.004019975662231445,gp
34,0.36363863945007324,0.006228446960449219,gp
35,0.3711063861846924,0.003402233123779297,gp
36,0.3810873031616211,0.0037698745727539062,gp
37,0.3910672664642334,0.003609180450439453,gp
38,0.4036846160888672,0.006339550018310547,gp
39,0.4111490249633789,0.0027790069580078125,gp
40,0.42109227180480957,0.003669261932373047,gp
41,0.43105340003967285,0.003682851791381836,gp
42,0.4454512596130371,0.008127450942993164,gp
43,0.45437049865722656,0.0024852752685546875,gp
44,0.4610581398010254,0.0037157535552978516,gp
45,0.4711747169494629,0.003912687301635742,gp
46,0.4853842258453369,0.008042335510253906,gp
47,0.4910755157470703,0.0034008026123046875,gp
48,0.5010883808135986,0.0037682056427001953,gp
49,0.5114920139312744,0.004126787185668945,gp
50,0.5243258476257324,0.0068798065185546875,gp
51,0.5310359001159668,0.003603696823120117,gp
52,0.5411639213562012,0.0038254261016845703,gp
53,0.5511651039123535,0.002927064895629883,gp
54,0.5643322467803955,0.00696563720703125,gp
55,0.5711240768432617,0.0038268566131591797,gp
56,0.5813355445861816,0.003936767578125,gp
57,0.5910913944244385,0.0036742687225341797,gp
58,0.6031854152679443,0.005860805511474609,gp
59,0.6111574172973633,0.003712892532348633,gp
60,0.6211016178131104,0.0037336349487304688,gp
61,0.6311450004577637,0.0037937164306640625,gp
62,0.6456267833709717,0.00825643539428711,gp
63,0.6510734558105469,0.0034422874450683594,gp
64,0.661121129989624,0.0037615299224853516,gp
65,0.6712963581085205,0.0039365291595458984,gp
66,0.6828365325927734,0.005492687225341797,gp
67,0.691115140914917,0.003484487533569336,gp
68,0.7011759281158447,0.0038471221923828125,gp
69,0.7111053466796875,0.003732919692993164,gp
70,0.7250597476959229,0.0077207088470458984,gp
71,0.7311310768127441,0.0032656192779541016,gp
72,0.7410833835601807,0.0037250518798828125,gp
73,0.7510709762573242,0.003737211227416992,gp
74,0.7654547691345215,0.008180379867553711,gp
75,0.7735474109649658,0.0035643577575683594,gp
76,0.7810471057891846,0.0037064552307128906,gp
77,0.7910969257354736,0.003734588623046875,gp
78,0.8059682846069336,0.008611679077148438,gp
79,0.8110835552215576,0.003528118133544922,gp
80,0.821091890335083,0.003734588623046875,gp
81,0.8313846588134766,0.003053426742553711,gp
82,0.8447818756103516,0.00742030143737793,gp
83,0.8510522842407227,0.003309011459350586,gp
84,0.86124587059021,0.003909111022949219,gp
85,0.8711061477661133,0.003711223602294922,gp
86,0.8836874961853027,0.0063626766204833984,gp
87,0.8911175727844238,0.0025708675384521484,gp
88,0.9011120796203613,0.003740072250366211,gp
89,0.9111027717590332,0.0037317276000976562,gp
90,0.9255170822143555,0.008199453353881836,gp
91,0.93255615234375,0.002294301986694336,gp
92,0.9410593509674072,0.0037033557891845703,gp
93,0.9511198997497559,0.003809690475463867,gp
94,0.9651732444763184,0.0077555179595947266,gp
95,0.9710993766784668,0.002616405487060547,gp
96,0.9810953140258789,0.003748655319213867,gp
97,0.9911484718322754,0.0037872791290283203,gp
98,1.0056097507476807,0.008194208145141602,gp
99,1.011108636856079,0.0032520294189453125,gp
100,1.0213184356689453,0.003957033157348633,gp
101,1.0311224460601807,0.0037069320678710938,gp
102,1.0471477508544922,0.009833574295043945,gp
103,1.051504135131836,0.002529621124267578,gp
104,1.061140537261963,0.003777027130126953,gp
105,1.0710773468017578,0.0036878585815429688,gp
106,1.0852782726287842,0.007872343063354492,gp
107,1.0916435718536377,0.0035016536712646484,gp
108,1.1011168956756592,0.0037696361541748047,gp
109,1.111297845840454,0.003979921340942383,gp
110,1.125492811203003,0.008147239685058594,gp
111,1.1313259601593018,0.0017938613891601562,gp
112,1.1410539150238037,0.0037376880645751953,gp
113,1.1511139869689941,0.003743886947631836,gp
114,1.166001796722412,0.008638381958007812,gp
115,1.171109914779663,0.0026209354400634766,gp
116,1.1813147068023682,0.003988027572631836,gp
117,1.1910886764526367,0.0037107467651367188,gp
118,1.2048020362854004,0.007485866546630859,gp
119,1.211125135421753,0.0038046836853027344,gp
120,1.2211387157440186,0.0037467479705810547,gp
121,1.231095552444458,0.003757476806640625,gp
122,1.2453229427337646,0.008002758026123047,gp
123,1.2527949810028076,0.004777669906616211,gp
124,1.2612059116363525,0.0038373470306396484,gp
125,1.2712516784667969,0.0038242340087890625,gp
126,1.2831900119781494,0.005808591842651367,gp
127,1.291152000427246,0.0032396316528320312,gp
128,1.3011257648468018,0.0037996768951416016,gp
129,1.3111467361450195,0.003799915313720703,gp
130,1.3231964111328125,0.005850791931152344,gp
131,1.3311150074005127,0.002964496612548828,gp
132,1.3410718441009521,0.0037200450897216797,gp
133,1.3511464595794678,0.0037720203399658203,gp
134,1.3656411170959473,0.008296012878417969,gp
135,1.3711061477661133,0.0032956600189208984,gp
136,1.3810935020446777,0.0037660598754882812,gp
137,1.391167163848877,0.003698587417602539,gp
138,1.4042375087738037,0.0068569183349609375,gp
139,1.411102294921875,0.003798961639404297,gp
140,1.421323299407959,0.0038709640502929688,gp
141,1.4311602115631104,0.0037245750427246094,gp
142,1.445178508758545,0.007832050323486328,gp
143,1.4510769844055176,0.0032951831817626953,gp
144,1.4612407684326172,0.003914833068847656,gp
145,1.4711639881134033,0.003772258758544922,gp
146,1.4848906993865967,0.0075643062591552734,gp
147,1.4910941123962402,0.003020763397216797,gp
148,1.501124620437622,0.003765583038330078,gp
149,1.5113141536712646,0.003933429718017578,gp
150,1.5226306915283203,0.0052490234375,gp
151,1.5311806201934814,0.0036635398864746094,gp
152,1.5411176681518555,0.0037963390350341797,gp
153,1.5512287616729736,0.0038557052612304688,gp
154,1.5657732486724854,0.008431196212768555,gp
155,1.5711069107055664,0.002720355987548828,gp
156,1.58109450340271,0.003779172897338867,gp
157,1.591362714767456,0.004016399383544922,gp
158,1.6043143272399902,0.006934642791748047,gp
159,1.6110930442810059,0.003172159194946289,gp
160,1.6211316585540771,0.003800630569458008,gp
161,1.631368637084961,0.0039501190185546875,gp
162,1.645230770111084,0.007803916931152344,gp
163,1.651087760925293,0.002596616744995117,gp
164,1.661179542541504,0.003783702850341797,gp
165,1.6711363792419434,0.0037696361541748047,gp
166,1.6851449012756348,0.00780487060546875,gp
167,1.6911351680755615,0.003019571304321289,gp
168,1.7010712623596191,0.003675699234008789,gp
169,1.7111632823944092,0.003815174102783203,gp
170,1.725550651550293,0.008218526840209961,gp
171,1.7322273254394531,0.002440929412841797,gp
172,1.7410774230957031,0.0037391185760498047,gp
173,1.7510745525360107,0.0037317276000976562,gp
174,1.7658495903015137,0.008507013320922852,gp
175,1.7712647914886475,0.003526449203491211,gp
176,1.7810633182525635,0.0037317276000976562,gp
177,1.791388750076294,0.004046916961669922,gp
178,1.8028693199157715,0.0054852962493896484,gp
179,1.8111562728881836,0.0035958290100097656,gp
180,1.8210899829864502,0.0037393569946289062,gp
181,1.8310816287994385,0.00370025634765625,gp
182,1.8440566062927246,0.006728649139404297,gp
183,1.851181983947754,0.002902984619140625,gp
184,1.8611440658569336,0.003735065460205078,gp
185,1.871060848236084,0.0037026405334472656,gp
186,1.8856985569000244,0.008370637893676758,gp
187,1.8913748264312744,0.003314495086669922,gp
188,1.9011390209197998,0.0037496089935302734,gp
189,1.911116361618042,0.003773212432861328,gp
190,1.9259495735168457,0.008533000946044922,gp
191,1.9310905933380127,0.003677845001220703,gp
192,1.9411349296569824,0.003820657730102539,gp
193,1.9513607025146484,0.0040094852447509766,gp
194,1.9648945331573486,0.007528543472290039,gp
195,1.971062183380127,0.0034449100494384766,gp
196,1.981388807296753,0.004030466079711914,gp
197,1.9911580085754395,0.003777742385864258,gp
198,2.0035152435302734,0.006192445755004883,gp
199,2.011061429977417,0.003183603286743164,gp
200,2.0210723876953125,0.0035665035247802734,gp
201,2.0311217308044434,0.0037736892700195312,gp
202,2.0432932376861572,0.005907773971557617,gp
203,2.051074981689453,0.0032958984375,gp
204,2.061560869216919,0.00422358512878418,gp
205,2.071068525314331,0.003628969192504883,gp
206,2.0853707790374756,0.008016824722290039,gp
207,2.0911030769348145,0.0024890899658203125,gp
208,2.101086139678955,0.0037336349487304688,gp
209,2.1111245155334473,0.0038008689880371094,gp
210,2.125046491622925,0.00771331787109375,gp
211,2.131643533706665,0.004088401794433594,gp
212,2.1411030292510986,0.003647327423095703,gp
213,2.1510653495788574,0.0036287307739257812,gp
214,2.165304660797119,0.007947206497192383,gp
215,2.1714162826538086,0.0021333694458007812,gp
216,2.181063175201416,0.0036773681640625,gp
217,2.1910479068756104,0.003676891326904297,gp
218,2.203702926635742,0.0063517093658447266,gp
219,2.2118608951568604,0.004388332366943359,gp
220,2.2210898399353027,0.0036497116088867188,gp
221,2.2311341762542725,0.0038068294525146484,gp
222,2.2452993392944336,0.007976531982421875,gp
223,2.2515220642089844,0.003966569900512695,gp
224,2.2610602378845215,0.0036864280700683594,gp
225,2.271108627319336,0.003793954849243164,gp
226,2.285942316055298,0.007871389389038086,gp
227,2.291090726852417,0.0028939247131347656,gp
228,2.3011419773101807,0.003749370574951172,gp
229,2.3110928535461426,0.0037126541137695312,gp
230,2.3256278038024902,0.008202075958251953,gp
231,2.3311750888824463,0.0035469532012939453,gp
232,2.3412160873413086,0.003765583038330078,gp
233,2.3511388301849365,0.0037682056427001953,gp
234,2.365541934967041,0.008205890655517578,gp
235,2.3729984760284424,0.004450082778930664,gp
236,2.3810760974884033,0.003627300262451172,gp
237,2.391080617904663,0.003726959228515625,gp
238,2.4055016040802,0.008166074752807617,gp
239,2.4126312732696533,0.0024726390838623047,gp
240,2.421043872833252,0.0037183761596679688,gp
241,2.431138038635254,0.0037970542907714844,gp
242,2.444463014602661,0.007132768630981445,gp
243,2.451172351837158,0.0033555030822753906,gp
244,2.461162805557251,0.0038390159606933594,gp
245,2.471147060394287,0.0038292407989501953,gp
246,2.4848668575286865,0.0074656009674072266,gp
247,2.491161584854126,0.0032799243927001953,gp
248,2.501105546951294,0.003748655319213867,gp
249,2.5111911296844482,0.003856658935546875,gp
250,2.5272064208984375,0.009810924530029297,gp
251,2.5310637950897217,0.003090381622314453,gp
252,2.541077136993408,0.0037631988525390625,gp
253,2.5512492656707764,0.003922462463378906,gp
254,2.5638768672943115,0.00653386116027832,gp
255,2.5711145401000977,0.003587484359741211,gp
256,2.581326961517334,0.003928184509277344,gp
257,2.5911507606506348,0.0037279129028320312,gp
258,2.6033501625061035,0.006035804748535156,gp
259,2.6135213375091553,0.003792285919189453,gp
260,2.6210803985595703,0.0036640167236328125,gp
261,2.631070375442505,0.003762960433959961,gp
262,2.645247220993042,0.007912874221801758,gp
263,2.651085138320923,0.0033473968505859375,gp
264,2.661095142364502,0.003782987594604492,gp
265,2.67116117477417,0.0037758350372314453,gp
266,2.685298442840576,0.007947444915771484,gp
267,2.692481756210327,0.002489328384399414,gp
268,2.7010889053344727,0.0036339759826660156,gp
269,2.7110745906829834,0.0036711692810058594,gp
270,2.7250797748565674,0.007750034332275391,gp
271,2.7310900688171387,0.003747224807739258,gp
272,2.7410640716552734,0.0037512779235839844,gp
273,2.7511074542999268,0.0037865638732910156,gp
274,2.764066696166992,0.0067234039306640625,gp
275,2.7711925506591797,0.0038852691650390625,gp
276,2.781198740005493,0.003797292709350586,gp
277,2.7910921573638916,0.00371551513671875,gp
278,2.8057172298431396,0.008367061614990234,gp
279,2.811086416244507,0.002523660659790039,gp
280,2.82112979888916,0.003808736801147461,gp
281,2.8311240673065186,0.0038018226623535156,gp
282,2.844766855239868,0.007422685623168945,gp
283,2.851161241531372,0.0028963088989257812,gp
284,2.861243486404419,0.003918170928955078,gp
285,2.8711092472076416,0.003797292709350586,gp
286,2.885542154312134,0.008143901824951172,gp
287,2.8910744190216064,0.0030813217163085938,gp
288,2.9011237621307373,0.0037937164306640625,gp
289,2.911109447479248,0.0037288665771484375,gp
290,2.9247665405273438,0.007353544235229492,gp
291,2.9311084747314453,0.0031692981719970703,gp
292,2.941133975982666,0.003730297088623047,gp
293,2.951097011566162,0.0036704540252685547,gp
294,2.968217372894287,0.01087641716003418,gp
295,2.9716970920562744,0.0033838748931884766,gp
296,2.981090784072876,0.0037436485290527344,gp
297,2.9910988807678223,0.0036797523498535156,gp
299,3.0131490230560303,0.002221345901489258,gp
300,3.0188634395599365,0.001516103744506836,gp
301,3.029567241668701,0.0022208690643310547,gp
302,3.0390918254852295,0.0018019676208496094,gp
303,3.050461769104004,0.002640962600708008,gp
304,3.058995485305786,0.001638174057006836,gp
305,3.0692861080169678,0.0019278526306152344,gp
306,3.084324359893799,0.006998777389526367,gp
307,3.0904033184051514,0.0021228790283203125,gp
308,3.09944486618042,0.0019295215606689453,gp
309,3.1091670989990234,0.0018169879913330078,gp
310,3.128765106201172,0.011445999145507812,gp
311,3.133100986480713,0.0019218921661376953,gp
312,3.139514684677124,0.002185821533203125,gp
313,3.1490466594696045,0.0017328262329101562,gp
314,3.1671574115753174,0.009805679321289062,gp
315,3.1710751056671143,0.0028460025787353516,gp
316,3.1795499324798584,0.0022220611572265625,gp
317,3.189925193786621,0.002561807632446289,gp
318,3.205138921737671,0.0077512264251708984,gp
319,3.2102880477905273,0.002914905548095703,gp
320,3.2196943759918213,0.002337217330932617,gp
321,3.2290899753570557,0.0016446113586425781,gp
322,3.2393548488616943,0.0019311904907226562,gp
323,3.2499494552612305,0.0022344589233398438,gp
324,3.2623698711395264,0.002130270004272461,gp
325,3.2696542739868164,0.0023064613342285156,gp
327,3.289992570877075,0.0023331642150878906,gp
328,3.2990095615386963,0.0016379356384277344,gp
329,3.3103713989257812,0.0029878616333007812,gp
330,3.3215179443359375,0.004142284393310547,gp
331,3.3345553874969482,0.0018506050109863281,gp
332,3.339040517807007,0.0017228126525878906,gp
333,3.349534034729004,0.0021963119506835938,gp
334,3.3588976860046387,0.0015211105346679688,gp
335,3.37713623046875,0.005122184753417969,gp
336,3.3814613819122314,0.002293109893798828,gp
337,3.3896217346191406,0.002259492874145508,gp
338,3.3989291191101074,0.0015819072723388672,gp
339,3.416579246520996,0.004142284393310547,gp
340,3.423696517944336,0.005782127380371094,gp
341,3.429035186767578,0.001676797866821289,gp
342,3.4394657611846924,0.002129793167114258,gp
343,3.4498238563537598,0.0024373531341552734,gp
344,3.4617836475372314,0.0017104148864746094,gp
345,3.4691734313964844,0.0018086433410644531,gp
346,3.480022430419922,0.0026426315307617188,gp
347,3.489342451095581,0.0019233226776123047,gp
348,3.5015575885772705,0.002482891082763672,gp
349,3.5094335079193115,0.002122163772583008,gp
350,3.5199079513549805,0.0024979114532470703,gp
351,3.529134750366211,0.0017616748809814453,gp
352,3.5445151329040527,0.003131389617919922,gp
353,3.5544707775115967,0.0029332637786865234,gp
354,3.559410572052002,0.0020384788513183594,gp
355,3.5696706771850586,0.0023393630981445312,gp
356,3.5797245502471924,0.0023469924926757812,gp
357,3.5942084789276123,0.001573324203491211,gp
358,3.599003791809082,0.0016872882843017578,gp
359,3.6098380088806152,0.002511262893676758,gp
360,3.6191585063934326,0.0017762184143066406,gp
361,3.634490489959717,0.0016748905181884766,gp
362,3.639219045639038,0.0018856525421142578,gp
363,3.6503238677978516,0.0029921531677246094,gp
364,3.659372091293335,0.0019707679748535156,gp
365,3.6784451007843018,0.00594329833984375,gp
366,3.682140588760376,0.0015687942504882812,gp
367,3.689213752746582,0.0018520355224609375,gp
368,3.6998863220214844,0.002557516098022461,gp
369,3.716360092163086,0.003918170928955078,gp
370,3.720979928970337,0.003397226333618164,gp
371,3.729024887084961,0.0016176700592041016,gp
372,3.7393083572387695,0.0019690990447998047,gp
373,3.7499969005584717,0.0026388168334960938,gp
374,3.766590118408203,0.0038700103759765625,gp
375,3.76957106590271,0.002155780792236328,gp
376,3.7803537845611572,0.0030088424682617188,gp
377,3.7893519401550293,0.0019659996032714844,gp
378,3.803628444671631,0.002608060836791992,gp
379,3.8113338947296143,0.002115488052368164,gp
380,3.821171760559082,0.0038270950317382812,gp
381,3.831106662750244,0.003743410110473633,gp
382,3.8420417308807373,0.0016150474548339844,gp
383,3.849255084991455,0.0019388198852539062,gp
384,3.859260082244873,0.001874685287475586,gp
385,3.870985746383667,0.0029973983764648438,gp
386,3.881276845932007,0.0018475055694580078,gp
387,3.8903772830963135,0.00304412841796875,gp
388,3.8993775844573975,0.0019025802612304688,gp
389,3.9090616703033447,0.0016913414001464844,gp
390,3.922466278076172,0.0019419193267822266,gp
391,3.9297311305999756,0.002377033233642578,gp
392,3.939237356185913,0.0018641948699951172,gp
393,3.950113296508789,0.0026366710662841797,gp
394,3.9673423767089844,0.0036759376525878906,gp
395,3.969191074371338,0.0017323493957519531,gp
396,3.9796764850616455,0.0023391246795654297,gp
397,3.9900293350219727,0.0026102066040039062,gp
398,4.007216215133667,0.0050275325775146484,gp
399,4.010661602020264,0.0016138553619384766,gp
400,4.018982172012329,0.00165557861328125,gp
401,4.029672861099243,0.0022630691528320312,gp
402,4.041954278945923,0.0025224685668945312,gp
403,4.049314975738525,0.0019910335540771484,gp
404,4.062377691268921,0.004956722259521484,gp
405,4.069111347198486,0.001756906509399414,gp
406,4.08502721786499,0.0030717849731445312,gp
407,4.089773178100586,0.00244903564453125,gp
408,4.0991370677948,0.0017845630645751953,gp
409,4.1095569133758545,0.002184629440307617,gp
410,4.125861167907715,0.004828929901123047,gp
411,4.129152297973633,0.0017468929290771484,gp
412,4.138930082321167,0.0016205310821533203,gp
413,4.1502203941345215,0.0028846263885498047,gp
414,4.162316799163818,0.002452850341796875,gp
415,4.1693620681762695,0.002019643783569336,gp
416,4.1792802810668945,0.001940011978149414,gp
417,4.1903369426727295,0.002926349639892578,gp
418,4.202533960342407,0.002459287643432617,gp
419,4.209387302398682,0.0020563602447509766,gp
420,4.219078302383423,0.0017054080963134766,gp
421,4.229552507400513,0.002198457717895508,gp
422,4.2456512451171875,0.0041272640228271484,gp
423,4.249673366546631,0.001940011978149414,gp
424,4.259365081787109,0.0020041465759277344,gp
425,4.269538164138794,0.002117156982421875,gp
426,4.287036418914795,0.005353212356567383,gp
427,4.290032625198364,0.0017480850219726562,gp
428,4.299109697341919,0.0017473697662353516,gp
429,4.310738563537598,0.0033845901489257812,gp
430,4.319133043289185,0.0017075538635253906,gp
431,4.32989501953125,0.0025022029876708984,gp
432,4.3401806354522705,0.0028324127197265625,gp
433,4.349637269973755,0.00228118896484375,gp
434,4.359058618545532,0.0016961097717285156,gp
435,4.374664306640625,0.002719879150390625,gp
436,4.379226207733154,0.0019087791442871094,gp
437,4.389190196990967,0.0018146038055419922,gp
438,4.399341344833374,0.0020105838775634766,gp
439,4.411449909210205,0.0021610260009765625,gp
440,4.4207353591918945,0.0033380985260009766,gp
441,4.429023742675781,0.001664876937866211,gp
442,4.4409730434417725,0.00362396240234375,gp
443,4.453391075134277,0.0026154518127441406,gp
444,4.460051536560059,0.002688884735107422,gp
445,4.469794034957886,0.002408266067504883,gp
446,4.4797773361206055,0.002401113510131836,gp
447,4.48945689201355,0.0020558834075927734,gp
448,4.50201940536499,0.002246856689453125,gp
449,4.509114027023315,0.0017731189727783203,gp
450,4.520773887634277,0.0027980804443359375,gp
451,4.528901100158691,0.0015752315521240234,gp
452,4.5421364307403564,0.004285335540771484,gp
453,4.549624443054199,0.002286195755004883,gp
454,4.559067010879517,0.0016875267028808594,gp
455,4.569451570510864,0.002056598663330078,gp
456,4.584014415740967,0.003688335418701172,gp
457,4.5899083614349365,0.0025696754455566406,gp
458,4.598952531814575,0.0016074180603027344,gp
459,4.609174489974976,0.001859903335571289,gp
460,4.6224205493927,0.004792451858520508,gp
461,4.629489183425903,0.0020885467529296875,gp
462,4.639207363128662,0.0018281936645507812,gp
463,4.650290250778198,0.0029773712158203125,gp
464,4.664810419082642,0.003138303756713867,gp
465,4.669588088989258,0.002212047576904297,gp
466,4.680096387863159,0.0027277469635009766,gp
467,4.690643310546875,0.003255128860473633,gp
468,4.701229095458984,0.0027010440826416016,gp
469,4.7090513706207275,0.00164794921875,gp
470,4.719152212142944,0.0018281936645507812,gp
471,4.729773998260498,0.0024232864379882812,gp
472,4.740562915802002,0.0028166770935058594,gp
473,4.749104738235474,0.0018112659454345703,gp
474,4.760919570922852,0.0035657882690429688,gp
475,4.769112586975098,0.0017406940460205078,gp
476,4.780879735946655,0.0028896331787109375,gp
477,4.789170742034912,0.0018448829650878906,gp
478,4.799851894378662,0.0025162696838378906,gp
479,4.809634208679199,0.0022716522216796875,gp
480,4.818865060806274,0.001516103744506836,gp
481,4.829142093658447,0.0017933845520019531,gp
482,4.838785171508789,0.0014717578887939453,gp
483,4.849438428878784,0.0021266937255859375,gp
484,4.861251354217529,0.0025544166564941406,gp
485,4.869194507598877,0.0018699169158935547,gp
486,4.878995418548584,0.001653432846069336,gp
487,4.889536380767822,0.002194643020629883,gp
488,4.900131702423096,0.0024602413177490234,gp
489,4.909907341003418,0.0019342899322509766,gp
490,4.9195685386657715,0.0021512508392333984,gp
491,4.929837703704834,0.002463102340698242,gp
492,4.9451165199279785,0.007783174514770508,gp
493,4.953061103820801,0.005634307861328125,gp
494,4.95934796333313,0.001960277557373047,gp
495,4.969705104827881,0.002353668212890625,gp
497,4.990748405456543,0.003048419952392578,gp
498,4.998907566070557,0.0015685558319091797,gp
499,5.009666919708252,0.002320528030395508,gp
500,5.022016286849976,0.004634857177734375,gp
501,5.029721975326538,0.002001047134399414,gp
502,5.0388360023498535,0.0015172958374023438,gp
503,5.050508975982666,0.0030236244201660156,gp
504,5.0650529861450195,0.0076901912689208984,gp
505,5.07012414932251,0.002353191375732422,gp
506,5.079168081283569,0.0018246173858642578,gp
507,5.0891945362091064,0.001834869384765625,gp
508,5.105257749557495,0.007939577102661133,gp
509,5.111867189407349,0.004474163055419922,gp
510,5.11953330039978,0.002115011215209961,gp
511,5.129265069961548,0.0019130706787109375,gp
512,5.148698806762695,0.011349678039550781,gp
513,5.152493476867676,0.0027980804443359375,gp
514,5.159022569656372,0.0016353130340576172,gp
515,5.169258117675781,0.0019295215606689453,gp
516,5.185696125030518,0.008346080780029297,gp
517,5.191033840179443,0.0016865730285644531,gp
518,5.198916912078857,0.001592874526977539,gp
519,5.2098000049591064,0.002471446990966797,gp
520,5.219563007354736,0.002195119857788086,gp
521,5.229448080062866,0.0017795562744140625,gp
522,5.23888373374939,0.0016047954559326172,gp
523,5.24983549118042,0.0025119781494140625,gp
524,5.265612602233887,0.008237600326538086,gp
525,5.270410537719727,0.0025861263275146484,gp
526,5.279098272323608,0.001775503158569336,gp
527,5.289321660995483,0.0019533634185791016,gp
528,5.307219743728638,0.009893417358398438,gp
529,5.3097755908966064,0.0016443729400634766,gp
530,5.321053504943848,0.003722667694091797,gp
531,5.32953405380249,0.0021588802337646484,gp
532,5.345599889755249,0.008266448974609375,gp
533,5.351262092590332,0.0029735565185546875,gp
534,5.359380006790161,0.0020384788513183594,gp
535,5.369907379150391,0.0025212764739990234,gp
536,5.385236978530884,0.007900238037109375,gp
537,5.390838146209717,0.0030095577239990234,gp
538,5.4001784324646,0.0025322437286376953,gp
539,5.409355878829956,0.001989126205444336,gp
541,5.4331581592559814,0.0036783218383789062,gp
542,5.439005613327026,0.001621246337890625,gp
543,5.449116468429565,0.0017993450164794922,gp
544,5.459395170211792,0.0020554065704345703,gp
545,5.47644829750061,0.00360107421875,gp
546,5.481165885925293,0.0037348270416259766,gp
547,5.48945426940918,0.0021028518676757812,gp
548,5.4994165897369385,0.0019845962524414062,gp
549,5.516185522079468,0.0040836334228515625,gp
550,5.519063711166382,0.0017778873443603516,gp
551,5.530721664428711,0.0032498836517333984,gp
552,5.539143323898315,0.00177001953125,gp
553,5.557883024215698,0.005396604537963867,gp
554,5.561459541320801,0.003432750701904297,gp
555,5.569111585617065,0.0017354488372802734,gp
556,5.579085350036621,0.0017573833465576172,gp
557,5.595170974731445,0.0023124217987060547,gp
558,5.5989274978637695,0.0015876293182373047,gp
559,5.609930515289307,0.002588033676147461,gp
560,5.620128393173218,0.0027763843536376953,gp
561,5.635828256607056,0.0029938220977783203,gp
562,5.639692068099976,0.0023431777954101562,gp
563,5.649304389953613,0.0019299983978271484,gp
564,5.659071207046509,0.0017004013061523438,gp
565,5.675336122512817,0.0022258758544921875,gp
566,5.679626941680908,0.0022678375244140625,gp
567,5.689838171005249,0.002489805221557617,gp
568,5.699123859405518,0.0017549991607666016,gp
569,5.715307950973511,0.0028858184814453125,gp
570,5.720898151397705,0.003253936767578125,gp
571,5.729720830917358,0.0022792816162109375,gp
572,5.739234209060669,0.0019023418426513672,gp
573,5.758351802825928,0.005855083465576172,gp
574,5.761479616165161,0.003020763397216797,gp
575,5.769052028656006,0.0017151832580566406,gp
576,5.779671669006348,0.0023474693298339844,gp
577,5.790014028549194,0.0025641918182373047,gp
578,5.803682088851929,0.002357006072998047,gp
579,5.810526132583618,0.003204345703125,gp
580,5.820943117141724,0.0035326480865478516,gp
581,5.829115867614746,0.0016829967498779297,gp
582,5.843052387237549,0.001955270767211914,gp
583,5.850074529647827,0.002428770065307617,gp
584,5.858978748321533,0.0016376972198486328,gp
585,5.871069669723511,0.0036802291870117188,gp
586,5.881511688232422,0.002103567123413086,gp
587,5.889197587966919,0.0018317699432373047,gp
588,5.899163484573364,0.0018463134765625,gp
589,5.9102489948272705,0.002890348434448242,gp
590,5.9214324951171875,0.001672506332397461,gp
591,5.929288387298584,0.001890420913696289,gp
592,5.939806222915649,0.002449512481689453,gp
593,5.950104475021362,0.0018923282623291016,gp
594,5.9619951248168945,0.001997709274291992,gp
595,5.9704790115356445,0.003156423568725586,gp
596,5.979196786880493,0.001819610595703125,gp
597,5.989070892333984,0.001697540283203125,gp
598,6.005142688751221,0.004059553146362305,gp
599,6.009625434875488,0.0022611618041992188,gp
600,6.019073724746704,0.0016968250274658203,gp
601,6.029308319091797,0.0019922256469726562,gp
602,6.047304630279541,0.003384113311767578,gp
603,6.049199104309082,0.0016963481903076172,gp
604,6.058916091918945,0.0015952587127685547,gp
605,6.069329261779785,0.0019528865814208984,gp
607,6.089902639389038,0.002180337905883789,gp
608,6.098865509033203,0.001543283462524414,gp
609,6.109346151351929,0.001934051513671875,gp
610,6.122280120849609,0.002698183059692383,gp
611,6.129470348358154,0.002143383026123047,gp
612,6.140239953994751,0.00247955322265625,gp
613,6.1494972705841064,0.0021462440490722656,gp
615,6.170756578445435,0.0029120445251464844,gp
616,6.179562330245972,0.002170085906982422,gp
617,6.190330982208252,0.002863645553588867,gp
618,6.203833818435669,0.004606008529663086,gp
619,6.209290504455566,0.0019474029541015625,gp
620,6.219655990600586,0.0023789405822753906,gp
621,6.230465650558472,0.0030269622802734375,gp
622,6.243479013442993,0.002460002899169922,gp
623,6.249072551727295,0.0017437934875488281,gp
624,6.260138273239136,0.0027489662170410156,gp
625,6.269054651260376,0.0017321109771728516,gp
626,6.283087491989136,0.0018961429595947266,gp
627,6.288935661315918,0.001611471176147461,gp
628,6.29893946647644,0.0016167163848876953,gp
629,6.31075382232666,0.0033485889434814453,gp
630,6.323425531387329,0.0024695396423339844,gp
631,6.330450057983398,0.003033876419067383,gp
632,6.339192867279053,0.001834869384765625,gp
633,6.350331783294678,0.0029723644256591797,gp
634,6.3643410205841064,0.0031914710998535156,gp
635,6.369119882583618,0.0017151832580566406,gp
636,6.379406929016113,0.002076864242553711,gp
637,6.389533758163452,0.0021719932556152344,gp
638,6.404423713684082,0.0032384395599365234,gp
639,6.409808397293091,0.0023725032806396484,gp
640,6.418962717056274,0.001644134521484375,gp
641,6.429028034210205,0.0016713142395019531,gp
642,6.439599990844727,0.002213716506958008,gp
643,6.456766128540039,0.004136562347412109,gp
644,6.460599660873413,0.0025720596313476562,gp
645,6.469118356704712,0.0017168521881103516,gp
646,6.479702949523926,0.002368450164794922,gp
647,6.492837429046631,0.003681182861328125,gp
648,6.499322891235352,0.0019390583038330078,gp
649,6.509854793548584,0.0024459362030029297,gp
650,6.51960563659668,0.0022656917572021484,gp
651,6.529197454452515,0.0017266273498535156,gp
652,6.540021657943726,0.002655506134033203,gp
653,6.5497682094573975,0.0023746490478515625,gp
654,6.5589210987091064,0.0015406608581542969,gp
655,6.569836378097534,0.002325296401977539,gp
656,6.580245494842529,0.0028676986694335938,gp
657,6.589349269866943,0.0019519329071044922,gp
658,6.599085807800293,0.0017588138580322266,gp
659,6.611232042312622,0.0021085739135742188,gp
660,6.620061635971069,0.002696514129638672,gp
661,6.629253625869751,0.0018758773803710938,gp
662,6.639843225479126,0.002543210983276367,gp
663,6.650372505187988,0.0025205612182617188,gp
664,6.659094572067261,0.0017237663269042969,gp
665,6.669546127319336,0.0021467208862304688,gp
666,6.679416179656982,0.0020799636840820312,gp
667,6.692428112030029,0.0027191638946533203,gp
668,6.699056386947632,0.0017273426055908203,gp
669,6.709772348403931,0.002450227737426758,gp
670,6.719926834106445,0.0025267601013183594,gp
671,6.729821443557739,0.0022847652435302734,gp
672,6.738985776901245,0.0017027854919433594,gp
673,6.750141859054565,0.0027341842651367188,gp
674,6.7590672969818115,0.0017108917236328125,gp
675,6.774711847305298,0.005738019943237305,gp
676,6.7793474197387695,0.0020051002502441406,gp
677,6.78905177116394,0.0016906261444091797,gp
678,6.799464464187622,0.002142667770385742,gp
679,6.811331510543823,0.0019457340240478516,gp
680,6.8210015296936035,0.003615140914916992,gp
681,6.828956842422485,0.0016210079193115234,gp
682,6.840203046798706,0.0028557777404785156,gp
683,6.850075721740723,0.002721548080444336,gp
684,6.859687089920044,0.0016334056854248047,gp
685,6.869303226470947,0.0019936561584472656,gp
686,6.879306077957153,0.001953601837158203,gp
687,6.88915228843689,0.0017385482788085938,gp
688,6.898934364318848,0.001596689224243164,gp
689,6.909402132034302,0.002072572708129883,gp
690,6.920161962509155,0.0027146339416503906,gp
691,6.929942607879639,0.0025649070739746094,gp
692,6.943031311035156,0.002414703369140625,gp
693,6.949795484542847,0.0023713111877441406,gp
694,6.959628343582153,0.002022266387939453,gp
695,6.969962120056152,0.002561807632446289,gp
696,6.981998682022095,0.004328727722167969,gp
697,6.9899961948394775,0.002641439437866211,gp
698,7.000507831573486,0.0031464099884033203,gp
699,7.008939504623413,0.0016417503356933594,gp
700,7.019873857498169,0.0020117759704589844,gp
701,7.029090404510498,0.0017135143280029297,gp
702,7.0392005443573,0.0018677711486816406,gp
703,7.04996919631958,0.0022745132446289062,gp
704,7.062806606292725,0.002450227737426758,gp
705,7.07038140296936,0.0029730796813964844,gp
706,7.079065561294556,0.0017158985137939453,gp
707,7.090079069137573,0.0027277469635009766,gp
708,7.100300312042236,0.0024766921997070312,gp
709,7.111551284790039,0.004147768020629883,gp
710,7.1192991733551025,0.0019207000732421875,gp
711,7.1304333209991455,0.0030786991119384766,gp
712,7.140898942947388,0.0021562576293945312,gp
713,7.14893913269043,0.0016117095947265625,gp
714,7.1598732471466064,0.0024585723876953125,gp
715,7.169050216674805,0.0016667842864990234,gp
716,7.179949045181274,0.0026335716247558594,gp
717,7.189404487609863,0.0020580291748046875,gp
718,7.19895601272583,0.0016050338745117188,gp
719,7.209197282791138,0.0018346309661865234,gp
720,7.225710868835449,0.0035142898559570312,gp
721,7.229492902755737,0.0016591548919677734,gp
722,7.238851070404053,0.0015354156494140625,gp
723,7.249823808670044,0.002498626708984375,gp
724,7.260188579559326,0.002777576446533203,gp
725,7.269546985626221,0.0016961097717285156,gp
726,7.279947280883789,0.002611875534057617,gp
727,7.290826082229614,0.0034062862396240234,gp
728,7.298971176147461,0.0016124248504638672,gp
729,7.310434579849243,0.0023784637451171875,gp
730,7.319533824920654,0.0021784305572509766,gp
731,7.3295557498931885,0.002153158187866211,gp
732,7.346533536911011,0.009236812591552734,gp
733,7.3522820472717285,0.003349781036376953,gp
734,7.359265565872192,0.0018305778503417969,gp
735,7.3689963817596436,0.0016753673553466797,gp
736,7.385668516159058,0.008348226547241211,gp
737,7.392333030700684,0.0037076473236083984,gp
738,7.39909029006958,0.0017533302307128906,gp
739,7.410118103027344,0.002766847610473633,gp
740,7.4194700717926025,0.0020792484283447266,gp
741,7.434442043304443,0.0017397403717041016,gp
742,7.439348459243774,0.002020597457885742,gp
743,7.451761245727539,0.004317760467529297,gp
744,7.4591522216796875,0.0017194747924804688,gp
745,7.475208282470703,0.002578258514404297,gp
746,7.481144189834595,0.003679513931274414,gp
747,7.489209890365601,0.0018200874328613281,gp
748,7.4997711181640625,0.0024433135986328125,gp
749,7.51776647567749,0.005147457122802734,gp
750,7.521140098571777,0.0032651424407958984,gp
751,7.528964519500732,0.0016548633575439453,gp
752,7.540860891342163,0.003525257110595703,gp
753,7.553828239440918,0.00599360466003418,gp
754,7.559100866317749,0.0017764568328857422,gp
755,7.569162130355835,0.0018489360809326172,gp
756,7.5800817012786865,0.002727985382080078,gp
757,7.596130609512329,0.0028083324432373047,gp
758,7.600560903549194,0.0031785964965820312,gp
759,7.610106468200684,0.0026998519897460938,gp
760,7.619072437286377,0.001714944839477539,gp
761,7.637750625610352,0.005293846130371094,gp
762,7.641879320144653,0.003979682922363281,gp
763,7.649099349975586,0.0016968250274658203,gp
764,7.65947699546814,0.0021393299102783203,gp
765,7.677386283874512,0.004845619201660156,gp
766,7.679147481918335,0.001569509506225586,gp
767,7.689214706420898,0.0018911361694335938,gp
768,7.699708461761475,0.0023834705352783203,gp
769,7.710397720336914,0.0029647350311279297,gp
770,7.721432209014893,0.0018227100372314453,gp
771,7.729381561279297,0.0020635128021240234,gp
772,7.741256952285767,0.0033833980560302734,gp
773,7.749151706695557,0.0018126964569091797,gp
774,7.7642645835876465,0.002710103988647461,gp
775,7.769989728927612,0.0024328231811523438,gp
776,7.7790138721466064,0.0016505718231201172,gp
777,7.789571762084961,0.0022382736206054688,gp
778,7.8063249588012695,0.005258798599243164,gp
779,7.809034824371338,0.0016326904296875,gp
780,7.819260597229004,0.0019435882568359375,gp
781,7.829841375350952,0.002501249313354492,gp
782,7.842539310455322,0.0016596317291259766,gp
783,7.84889817237854,0.0015912055969238281,gp
784,7.859272718429565,0.0019805431365966797,gp
785,7.8697144985198975,0.0023262500762939453,gp
786,7.882021903991699,0.0023622512817382812,gp
787,7.889097213745117,0.0017580986022949219,gp
788,7.899729013442993,0.002393484115600586,gp
789,7.909265756607056,0.0018677711486816406,gp
790,7.924689769744873,0.003183603286743164,gp
791,7.930163383483887,0.002797842025756836,gp
792,7.9390082359313965,0.0016560554504394531,gp
793,7.949606657028198,0.0022957324981689453,gp
794,7.965728998184204,0.004236698150634766,gp
795,7.973801851272583,0.003446340560913086,gp
796,7.97965931892395,0.002116680145263672,gp
797,7.990708351135254,0.0032973289489746094,gp
798,7.9998815059661865,0.0025141239166259766,gp
799,8.013797760009766,0.0024330615997314453,gp
800,8.019077777862549,0.0017058849334716797,gp
801,8.029434442520142,0.002078533172607422,gp
802,8.039079904556274,0.0017502307891845703,gp
803,8.054546594619751,0.0021364688873291016,gp
804,8.060303211212158,0.002438783645629883,gp
805,8.06953239440918,0.002128124237060547,gp
806,8.078964233398438,0.0016148090362548828,gp
807,8.096691370010376,0.0030596256256103516,gp
808,8.101938486099243,0.0042803287506103516,gp
809,8.109113931655884,0.0017466545104980469,gp
810,8.119584560394287,0.002266407012939453,gp
811,8.136014461517334,0.003579378128051758,gp
812,8.139684200286865,0.00203704833984375,gp
813,8.149381399154663,0.00201416015625,gp
814,8.158977508544922,0.0016467571258544922,gp
815,8.17667293548584,0.004163503646850586,gp
816,8.182177066802979,0.0032167434692382812,gp
817,8.189428329467773,0.0019321441650390625,gp
818,8.199089527130127,0.0017735958099365234,gp
819,8.217473268508911,0.003221273422241211,gp
820,8.220389127731323,0.0028214454650878906,gp
821,8.229170799255371,0.0017681121826171875,gp
822,8.239537239074707,0.002196788787841797,gp
823,8.254972457885742,0.0025267601013183594,gp
824,8.259164333343506,0.0018436908721923828,gp
825,8.270143270492554,0.0028498172760009766,gp
826,8.28065276145935,0.0032927989959716797,gp
827,8.29379153251648,0.0030100345611572266,gp
828,8.298859357833862,0.0015454292297363281,gp
829,8.309711217880249,0.002387523651123047,gp
830,8.320238590240479,0.0028066635131835938,gp
831,8.333881139755249,0.0016717910766601562,gp
832,8.339070081710815,0.0017604827880859375,gp
833,8.349135637283325,0.0017771720886230469,gp
834,8.35905909538269,0.0017285346984863281,gp
836,8.381300210952759,0.0032143592834472656,gp
837,8.38948106765747,0.0021445751190185547,gp
838,8.400113582611084,0.002781391143798828,gp
839,8.415632486343384,0.0031719207763671875,gp
840,8.41877555847168,0.001428842544555664,gp
841,8.429304122924805,0.001955747604370117,gp
842,8.43972659111023,0.0024428367614746094,gp
843,8.456188201904297,0.003673076629638672,gp
844,8.459581851959229,0.0017690658569335938,gp
845,8.469541788101196,0.0022132396697998047,gp
846,8.479366779327393,0.002027273178100586,gp
847,8.496907234191895,0.003958702087402344,gp
848,8.500221729278564,0.0017571449279785156,gp
849,8.508991003036499,0.001641988754272461,gp
850,8.51945424079895,0.0021371841430664062,gp
851,8.541033744812012,0.007265329360961914,gp
852,8.541643381118774,0.004324436187744141,gp
853,8.549269676208496,0.0019490718841552734,gp
854,8.559853315353394,0.0025177001953125,gp
855,8.575237274169922,0.0028810501098632812,gp
856,8.578956842422485,0.001634836196899414,gp
857,8.588902711868286,0.0015821456909179688,gp
858,8.598964929580688,0.001634359359741211,gp
859,8.614930868148804,0.0024187564849853516,gp
860,8.619441986083984,0.0016465187072753906,gp
861,8.62964916229248,0.0023114681243896484,gp
862,8.639122724533081,0.001764535903930664,gp
863,8.656243801116943,0.0033559799194335938,gp
864,8.660846948623657,0.0034770965576171875,gp
865,8.669921159744263,0.0023670196533203125,gp
866,8.678934097290039,0.0015873908996582031,gp
867,8.696464776992798,0.0032067298889160156,gp
868,8.701575756072998,0.002917051315307617,gp
869,8.70911192893982,0.0017495155334472656,gp
870,8.719435453414917,0.002103567123413086,gp
872,8.739339590072632,0.0017783641815185547,gp
873,8.749125242233276,0.0017995834350585938,gp
874,8.76030421257019,0.002955198287963867,gp
875,8.774284839630127,0.0014715194702148438,gp
876,8.779048919677734,0.001729726791381836,gp
877,8.78929591178894,0.0019707679748535156,gp
878,8.798841714859009,0.0015048980712890625,gp
879,8.815344095230103,0.0022127628326416016,gp
880,8.819359540939331,0.0020062923431396484,gp
881,8.829683303833008,0.002290487289428711,gp
882,8.839032888412476,0.0016911029815673828,gp
883,8.856899976730347,0.0030624866485595703,gp
884,8.86331844329834,0.00502777099609375,gp
885,8.869024515151978,0.0016641616821289062,gp
886,8.879017353057861,0.0016548633575439453,gp
887,8.8904287815094,0.003082275390625,gp
888,8.901698589324951,0.001680135726928711,gp
889,8.909980535507202,0.0026559829711914062,gp
890,8.919836044311523,0.0025043487548828125,gp
891,8.930027484893799,0.0025866031646728516,gp
892,8.94205641746521,0.002966642379760742,gp
893,8.950028657913208,0.0026810169219970703,gp
894,8.959047079086304,0.0016942024230957031,gp
895,8.969184160232544,0.001857757568359375,gp
897,8.99048399925232,0.0015223026275634766,gp
898,8.998882293701172,0.001577138900756836,gp
899,9.009854078292847,0.0025238990783691406,gp
900,9.02378535270691,0.002449512481689453,gp
901,9.029013395309448,0.0016973018646240234,gp
902,9.039239645004272,0.0018727779388427734,gp
903,9.049464464187622,0.0021119117736816406,gp
904,9.065062761306763,0.0024530887603759766,gp
905,9.068965435028076,0.0016531944274902344,gp
906,9.08026909828186,0.002855539321899414,gp
907,9.089192867279053,0.0017654895782470703,gp
908,9.102882862091064,0.0020427703857421875,gp
909,9.110594034194946,0.0032715797424316406,gp
910,9.119030952453613,0.001613616943359375,gp
911,9.129286289215088,0.001964092254638672,gp
912,9.143582820892334,0.00402379035949707,gp
913,9.14910078048706,0.0017011165618896484,gp
914,9.159025192260742,0.0016922950744628906,gp
915,9.1696035861969,0.0022764205932617188,gp
916,9.185029983520508,0.0021860599517822266,gp
917,9.188900709152222,0.0015802383422851562,gp
918,9.199557781219482,0.0022735595703125,gp
919,9.209216356277466,0.001837015151977539,gp
920,9.221604585647583,0.002521038055419922,gp
921,9.229140043258667,0.0018284320831298828,gp
922,9.239981651306152,0.0025725364685058594,gp
923,9.249023199081421,0.0016574859619140625,gp
924,9.262634992599487,0.0022916793823242188,gp
925,9.269649505615234,0.0023040771484375,gp
926,9.279194116592407,0.0018384456634521484,gp
927,9.28916072845459,0.0018322467803955078,gp
928,9.304107189178467,0.0029201507568359375,gp
929,9.309029817581177,0.0016565322875976562,gp
930,9.319385528564453,0.0020630359649658203,gp
931,9.33122968673706,0.0038416385650634766,gp
932,9.343742370605469,0.002371549606323242,gp
933,9.349200248718262,0.0018024444580078125,gp
934,9.359278678894043,0.0019500255584716797,gp
935,9.370107650756836,0.0026504993438720703,gp
936,9.381601333618164,0.001622915267944336,gp
937,9.389173746109009,0.0018491744995117188,gp
938,9.399446964263916,0.002124309539794922,gp
939,9.409402132034302,0.002044200897216797,gp
940,9.424734830856323,0.003475666046142578,gp
941,9.429580450057983,0.0022420883178710938,gp
942,9.439070224761963,0.0017325878143310547,gp
943,9.449268341064453,0.0019457340240478516,gp
944,9.466768503189087,0.0017857551574707031,gp
945,9.470098495483398,0.0027151107788085938,gp
946,9.479706525802612,0.002339601516723633,gp
947,9.489766120910645,0.00240325927734375,gp
948,9.502536058425903,0.002153635025024414,gp
949,9.509142637252808,0.001800537109375,gp
950,9.519356727600098,0.0020418167114257812,gp
951,9.530473470687866,0.0030918121337890625,gp
952,9.542092323303223,0.0016639232635498047,gp
953,9.548905611038208,0.0015964508056640625,gp
954,9.560602188110352,0.0032541751861572266,gp
955,9.56976580619812,0.0024144649505615234,gp
956,9.582437992095947,0.0018572807312011719,gp
957,9.589486837387085,0.002145051956176758,gp
958,9.599457502365112,0.002128124237060547,gp
959,9.60900354385376,0.0016524791717529297,gp
960,9.624510288238525,0.0028662681579589844,gp
961,9.629986047744751,0.002476930618286133,gp
962,9.639370203018188,0.0020208358764648438,gp
963,9.64925217628479,0.0019173622131347656,gp
964,9.662904977798462,0.0026862621307373047,gp
965,9.669887065887451,0.0025637149810791016,gp
966,9.679250240325928,0.0018658638000488281,gp
967,9.689692497253418,0.0023615360260009766,gp
968,9.703063011169434,0.0030946731567382812,gp
969,9.709284782409668,0.0019042491912841797,gp
970,9.719986915588379,0.0026540756225585938,gp
971,9.729631423950195,0.0022673606872558594,gp
972,9.747041702270508,0.0056667327880859375,gp
973,9.750964641571045,0.003545522689819336,gp
974,9.758970499038696,0.0016143321990966797,gp
975,9.76974606513977,0.0024199485778808594,gp
976,9.780135154724121,0.0027887821197509766,gp
977,9.789590835571289,0.0015532970428466797,gp
978,9.7989501953125,0.0016396045684814453,gp
979,9.810992956161499,0.003673553466796875,gp
980,9.819425582885742,0.0020046234130859375,gp
981,9.831539392471313,0.002808094024658203,gp
982,9.841084480285645,0.003737926483154297,gp
983,9.84951901435852,0.0020935535430908203,gp
984,9.859291076660156,0.0019578933715820312,gp
985,9.871236801147461,0.001955747604370117,gp
986,9.880708456039429,0.002679586410522461,gp
987,9.889190912246704,0.001837015151977539,gp
988,9.900564908981323,0.0032269954681396484,gp
989,9.913300037384033,0.004296779632568359,gp
990,9.919090986251831,0.0017447471618652344,gp
991,9.92915678024292,0.001813650131225586,gp
992,9.939453363418579,0.0021398067474365234,gp
993,9.950655460357666,0.0015876293182373047,gp
994,9.958958864212036,0.0016422271728515625,gp
995,9.969676971435547,0.002363920211791992,gp
996,9.981101274490356,0.0037431716918945312,gp
997,9.992058992385864,0.002265453338623047,gp
998,9.999316930770874,0.001961231231689453,gp
999,10.010557889938354,0.0032012462615966797,gp
1000,10.019267559051514,0.0016858577728271484,gp
1001,10.030712127685547,0.003112316131591797,gp
1002,10.040081262588501,0.002727508544921875,gp
1003,10.049155950546265,0.0017762184143066406,gp
1004,10.059653759002686,0.0023310184478759766,gp
1005,10.07174563407898,0.0021147727966308594,gp
1006,10.078967332839966,0.0015985965728759766,gp
1007,10.08984661102295,0.0025246143341064453,gp
1008,10.10061764717102,0.003264188766479492,gp
1009,10.114282131195068,0.0041577816009521484,gp
1010,10.118967056274414,0.0016283988952636719,gp
1011,10.129217386245728,0.0019109249114990234,gp
1012,10.141660690307617,0.0043299198150634766,gp
1013,10.15059494972229,0.001667022705078125,gp
1014,10.159246921539307,0.001965045928955078,gp
1015,10.169803142547607,0.002444744110107422,gp
1016,10.179056882858276,0.0016710758209228516,gp
1017,10.190609693527222,0.0018935203552246094,gp
1018,10.199443101882935,0.002125978469848633,gp
1019,10.209032773971558,0.001688241958618164,gp
1020,10.219312191009521,0.001993417739868164,gp
1021,10.234865427017212,0.003917694091796875,gp
1022,10.238954782485962,0.0016176700592041016,gp
1023,10.24959421157837,0.002281665802001953,gp
1024,10.259581327438354,0.0022559165954589844,gp
1025,10.270521640777588,0.0018186569213867188,gp
1026,10.279032230377197,0.001712799072265625,gp
1027,10.291465997695923,0.004134178161621094,gp
1028,10.300289630889893,0.002932310104370117,gp
1029,10.309629440307617,0.0022656917572021484,gp
1030,10.319893598556519,0.002557039260864258,gp
1031,10.329494714736938,0.0020334720611572266,gp
1032,10.339250326156616,0.0018987655639648438,gp
1033,10.349758386611938,0.0014834403991699219,gp
1034,10.359180688858032,0.001855611801147461,gp
1035,10.368958234786987,0.0016102790832519531,gp
1036,10.379434823989868,0.0021436214447021484,gp
1037,10.395316362380981,0.003542184829711914,gp
1038,10.398965120315552,0.001619577407836914,gp
1039,10.409364700317383,0.002051115036010742,gp
1040,10.420143842697144,0.002775430679321289,gp
1041,10.431516170501709,0.002588510513305664,gp
1042,10.439279794692993,0.0019681453704833984,gp
1043,10.450104713439941,0.0027396678924560547,gp
1044,10.460938930511475,0.0035593509674072266,gp
1045,10.469566106796265,0.001603841781616211,gp
1046,10.479220867156982,0.0019030570983886719,gp
1047,10.490697383880615,0.003346681594848633,gp
1048,10.499436140060425,0.0020716190338134766,gp
1049,10.510214567184448,0.0016484260559082031,gp
1050,10.520227909088135,0.002903461456298828,gp
1051,10.529865741729736,0.0019078254699707031,gp
1052,10.539556980133057,0.0022618770599365234,gp
1053,10.550045490264893,0.0019621849060058594,gp
1054,10.559950113296509,0.0025815963745117188,gp
1055,10.569246768951416,0.0019249916076660156,gp
1056,10.580865383148193,0.0035409927368164062,gp
1057,10.590588092803955,0.0017750263214111328,gp
1058,10.600523710250854,0.0031485557556152344,gp
1059,10.609051704406738,0.001680612564086914,gp
1060,10.620354890823364,0.003035306930541992,gp
1061,10.629430294036865,0.0015628337860107422,gp
1062,10.639430284500122,0.0021071434020996094,gp
1063,10.649743795394897,0.0023789405822753906,gp
1064,10.658872127532959,0.0015459060668945312,gp
1065,10.669499397277832,0.0020399093627929688,gp
1066,10.679308652877808,0.0019989013671875,gp
1067,10.689211368560791,0.0018837451934814453,gp
1068,10.699092149734497,0.0017590522766113281,gp
1069,10.712879419326782,0.003686666488647461,gp
1070,10.720923662185669,0.003489255905151367,gp
1071,10.729248523712158,0.0018229484558105469,gp
1072,10.740787267684937,0.003458261489868164,gp
1073,10.754794836044312,0.0045185089111328125,gp
1074,10.758892059326172,0.0015401840209960938,gp
1075,10.769569635391235,0.0022482872009277344,gp
1076,10.781441688537598,0.004071712493896484,gp
1077,10.790914297103882,0.0017070770263671875,gp
1078,10.79898452758789,0.0016636848449707031,gp
1079,10.810224771499634,0.002863645553588867,gp
1080,10.819904327392578,0.0025005340576171875,gp
1081,10.82959532737732,0.0016360282897949219,gp
1082,10.839208364486694,0.0018725395202636719,gp
1083,10.849706172943115,0.0023651123046875,gp
1084,10.859033346176147,0.0016679763793945312,gp
1085,10.871439218521118,0.0033855438232421875,gp
1086,10.878933668136597,0.001600503921508789,gp
1087,10.889014959335327,0.001688241958618164,gp
1088,10.899409770965576,0.0020818710327148438,gp
1089,10.915022134780884,0.006113767623901367,gp
1090,10.919573307037354,0.0018982887268066406,gp
1091,10.929542779922485,0.0021905899047851562,gp
1092,10.939449310302734,0.002109050750732422,gp
1093,10.950627326965332,0.0017886161804199219,gp
1094,10.959726810455322,0.002414226531982422,gp
1095,10.970178365707397,0.0026679039001464844,gp
1096,10.978905200958252,0.0015785694122314453,gp
1097,10.991507768630981,0.0024137496948242188,gp
1098,11.000647783279419,0.002420186996459961,gp
1099,11.009021520614624,0.0016772747039794922,gp
1100,11.021315336227417,0.003980159759521484,gp
1101,11.030234098434448,0.002856731414794922,gp
1102,11.041120290756226,0.0015363693237304688,gp
1103,11.048930644989014,0.0016245841979980469,gp
1104,11.060161828994751,0.002830982208251953,gp
1105,11.069550514221191,0.002221345901489258,gp
1106,11.082702398300171,0.0024137496948242188,gp
1107,11.089591026306152,0.0022346973419189453,gp
1108,11.09978699684143,0.0024476051330566406,gp
1109,11.10914421081543,0.0017194747924804688,gp
1110,11.12356948852539,0.002170085906982422,gp
1111,11.13038420677185,0.0030307769775390625,gp
1112,11.139208316802979,0.0017457008361816406,gp
1113,11.14941143989563,0.0020835399627685547,gp
1114,11.165565490722656,0.004160642623901367,gp
1115,11.169641733169556,0.0018374919891357422,gp
1116,11.17894196510315,0.0016326904296875,gp
1117,11.189877986907959,0.0025599002838134766,gp
1118,11.199028968811035,0.001669168472290039,gp
1119,11.211626052856445,0.002721071243286133,gp
1120,11.219711303710938,0.0023813247680664062,gp
1121,11.22906231880188,0.0017261505126953125,gp
1122,11.239110231399536,0.0017840862274169922,gp
1123,11.254711389541626,0.005280971527099609,gp
1124,11.260919570922852,0.0035233497619628906,gp
1125,11.269239664077759,0.0018877983093261719,gp
1126,11.279383182525635,0.0020656585693359375,gp
1127,11.291362524032593,0.0027289390563964844,gp
1128,11.299013137817383,0.0016188621520996094,gp
1129,11.309239864349365,0.0019290447235107422,gp
1130,11.321187734603882,0.003863811492919922,gp
1131,11.333278894424438,0.0038034915924072266,gp
1132,11.339332342147827,0.002019643783569336,gp
1133,11.349981307983398,0.002657175064086914,gp
1134,11.359144926071167,0.0017652511596679688,gp
1135,11.371306896209717,0.003381490707397461,gp
1136,11.380375862121582,0.0030608177185058594,gp
1137,11.389050006866455,0.0016732215881347656,gp
1138,11.398975372314453,0.0016634464263916016,gp
1139,11.417928695678711,0.00495600700378418,gp
1140,11.42094898223877,0.0028944015502929688,gp
1141,11.429420709609985,0.0020668506622314453,gp
1142,11.439054489135742,0.0017235279083251953,gp
1143,11.452139854431152,0.0033104419708251953,gp
1144,11.460776090621948,0.0026602745056152344,gp
1145,11.469055891036987,0.001669168472290039,gp
1146,11.48015308380127,0.0028264522552490234,gp
1147,11.489033699035645,0.0016443729400634766,gp
1148,11.500099897384644,0.002772092819213867,gp
1149,11.509801149368286,0.0024874210357666016,gp
1150,11.51960277557373,0.0022835731506347656,gp
1151,11.537750244140625,0.010405302047729492,gp
1152,11.542960166931152,0.004117488861083984,gp
1153,11.549458265304565,0.002084970474243164,gp
1154,11.55943489074707,0.002101421356201172,gp
1155,11.569774627685547,0.002481222152709961,gp
1156,11.58152151107788,0.003068208694458008,gp
1157,11.588953256607056,0.0016169548034667969,gp
1158,11.600277423858643,0.0029540061950683594,gp
1159,11.611296653747559,0.003949880599975586,gp
1160,11.620573997497559,0.0025184154510498047,gp
1161,11.629357099533081,0.0020530223846435547,gp
1162,11.63938570022583,0.002042055130004883,gp
1163,11.649134397506714,0.0017361640930175781,gp
1164,11.66031002998352,0.0026404857635498047,gp
1165,11.670134782791138,0.0028018951416015625,gp
1166,11.67905330657959,0.0016777515411376953,gp
1167,11.688987731933594,0.0016760826110839844,gp
1168,11.70164942741394,0.00415492057800293,gp
1169,11.708929538726807,0.0015645027160644531,gp
1170,11.720173597335815,0.002840280532836914,gp
1171,11.72939682006836,0.0019516944885253906,gp
1172,11.739933729171753,0.002618074417114258,gp
1173,11.749221563339233,0.0018568038940429688,gp
1174,11.759015798568726,0.0016891956329345703,gp
1175,11.769440174102783,0.002097606658935547,gp
1176,11.779563426971436,0.0017714500427246094,gp
1177,11.789102554321289,0.0017888545989990234,gp
1178,11.800689935684204,0.0032994747161865234,gp
1179,11.80945634841919,0.002078533172607422,gp
1180,11.820610046386719,0.003284931182861328,gp
1181,11.8296480178833,0.002303600311279297,gp
1182,11.838971614837646,0.0016493797302246094,gp
1183,11.849320888519287,0.0020008087158203125,gp
1184,11.861135482788086,0.002177000045776367,gp
1185,11.86925220489502,0.0019042491912841797,gp
1186,11.879043102264404,0.0017151832580566406,gp
1187,11.889319658279419,0.0019974708557128906,gp
1188,11.901027202606201,0.0032231807708740234,gp
1189,11.909132957458496,0.0017757415771484375,gp
1190,11.918957948684692,0.0016429424285888672,gp
1191,11.930514335632324,0.003180265426635742,gp
1192,11.94134259223938,0.002682209014892578,gp
1193,11.948982238769531,0.0016622543334960938,gp
1194,11.960277795791626,0.0029327869415283203,gp
1195,11.969151496887207,0.001743316650390625,gp
1196,11.979326963424683,0.0020058155059814453,gp
1197,11.990220546722412,0.0028684139251708984,gp
1198,11.999040603637695,0.0016658306121826172,gp
1199,12.00951099395752,0.002182483673095703,gp
1200,12.022361755371094,0.004473447799682617,gp
1201,12.03048849105835,0.00269317626953125,gp
1202,12.038905143737793,0.0015749931335449219,gp
1203,12.049415349960327,0.0021371841430664062,gp
1204,12.060748100280762,0.0034265518188476562,gp
1205,12.069785833358765,0.0021178722381591797,gp
1206,12.079143285751343,0.0018243789672851562,gp
1207,12.089829206466675,0.0024886131286621094,gp
1208,12.099490404129028,0.0020956993103027344,gp
1209,12.11099624633789,0.002466440200805664,gp
1210,12.119890928268433,0.0025603771209716797,gp
1211,12.1290442943573,0.0016515254974365234,gp
1212,12.139216184616089,0.0018956661224365234,gp
1213,12.152980089187622,0.004015684127807617,gp
1214,12.15898847579956,0.0015997886657714844,gp
1215,12.16918683052063,0.0018663406372070312,gp
1216,12.180678844451904,0.003354310989379883,gp
1217,12.192790746688843,0.0026574134826660156,gp
1218,12.1990807056427,0.0017719268798828125,gp
1219,12.20974326133728,0.0024755001068115234,gp
1220,12.219812154769897,0.0022878646850585938,gp
1221,12.228961944580078,0.001615285873413086,gp
1222,12.240067958831787,0.002200603485107422,gp
1223,12.24974513053894,0.002414226531982422,gp
1224,12.259094953536987,0.0017518997192382812,gp
1225,12.270747661590576,0.0033996105194091797,gp
1226,12.284178018569946,0.0027654170989990234,gp
1227,12.288851737976074,0.0015270709991455078,gp
1228,12.298952341079712,0.001627206802368164,gp
1229,12.309319019317627,0.0019822120666503906,gp
1230,12.318963527679443,0.0016200542449951172,gp
1231,12.329669713973999,0.0023393630981445312,gp
1232,12.341838121414185,0.00446629524230957,gp
1233,12.34986138343811,0.0025243759155273438,gp
1234,12.359869956970215,0.0025124549865722656,gp
1235,12.370515823364258,0.0031862258911132812,gp
1236,12.379250288009644,0.001897573471069336,gp
1237,12.388899564743042,0.0015516281127929688,gp
1238,12.40186071395874,0.004113674163818359,gp
1239,12.409217596054077,0.001863718032836914,gp
1240,12.418983697891235,0.0016329288482666016,gp
1241,12.429561376571655,0.002214670181274414,gp
1242,12.441373586654663,0.003908395767211914,gp
1243,12.448944807052612,0.0015859603881835938,gp
1244,12.459185123443604,0.0018558502197265625,gp
1245,12.469521045684814,0.002187490463256836,gp
1246,12.479665279388428,0.0017211437225341797,gp
1247,12.489387035369873,0.002079486846923828,gp
1248,12.499518871307373,0.0022058486938476562,gp
1249,12.509185075759888,0.0017669200897216797,gp
1250,12.51958703994751,0.0021893978118896484,gp
1251,12.52933955192566,0.0020067691802978516,gp
1252,12.539595365524292,0.002268075942993164,gp
1253,12.549100637435913,0.0017619132995605469,gp
1254,12.567274808883667,0.0039014816284179688,gp
1255,12.569544076919556,0.002080678939819336,gp
1256,12.579009771347046,0.0016374588012695312,gp
1257,12.589681148529053,0.002341747283935547,gp
1258,12.602018117904663,0.0032110214233398438,gp
1259,12.609177827835083,0.0018050670623779297,gp
1260,12.62041687965393,0.003067493438720703,gp
1261,12.630829811096191,0.003457307815551758,gp
1262,12.639604091644287,0.0017158985137939453,gp
1263,12.649158716201782,0.0018301010131835938,gp
1264,12.660661220550537,0.003300189971923828,gp
1265,12.670175552368164,0.002800464630126953,gp
1266,12.679656982421875,0.0022439956665039062,gp
1267,12.689400434494019,0.002078533172607422,gp
1268,12.699241876602173,0.0019016265869140625,gp
1269,12.708970546722412,0.0016427040100097656,gp
1270,12.71920657157898,0.0018990039825439453,gp
1271,12.729719877243042,0.0023508071899414062,gp
1272,12.739126443862915,0.0018041133880615234,gp
1273,12.749602317810059,0.002252817153930664,gp
1274,12.760890245437622,0.0029184818267822266,gp
1275,12.769456386566162,0.0020852088928222656,gp
1276,12.779131650924683,0.0017957687377929688,gp
1277,12.789583921432495,0.0022461414337158203,gp
1278,12.807373762130737,0.004343748092651367,gp
1279,12.810090780258179,0.001605987548828125,gp
1280,12.819313526153564,0.0020055770874023438,gp
1281,12.8300461769104,0.002660989761352539,gp
1282,12.840582370758057,0.0025873184204101562,gp
1283,12.8493070602417,0.0019774436950683594,gp
1284,12.859779834747314,0.002454042434692383,gp
1285,12.869933843612671,0.0025811195373535156,gp
1286,12.879624366760254,0.002165555953979492,gp
1287,12.889773607254028,0.002423524856567383,gp
1288,12.899507522583008,0.0021514892578125,gp
1289,12.909434795379639,0.002098560333251953,gp
1290,12.923990488052368,0.0033538341522216797,gp
1291,12.92935562133789,0.002033710479736328,gp
1292,12.939694166183472,0.002368927001953125,gp
1293,12.950084209442139,0.0027217864990234375,gp
1294,12.960562229156494,0.003016948699951172,gp
1295,12.969132661819458,0.0017914772033691406,gp
1296,12.97968077659607,0.002340078353881836,gp
1297,12.990763187408447,0.003381967544555664,gp
1298,12.999903202056885,0.002340555191040039,gp
1299,13.009109735488892,0.0017523765563964844,gp
1300,13.019366264343262,0.0020134449005126953,gp
1301,13.029178380966187,0.001821279525756836,gp
1302,13.04092812538147,0.002717733383178711,gp
1303,13.049235582351685,0.0018863677978515625,gp
1304,13.059071063995361,0.001711130142211914,gp
1305,13.069523096084595,0.0021860599517822266,gp
1306,13.081809520721436,0.003908395767211914,gp
1307,13.088996648788452,0.0016608238220214844,gp
1308,13.098942518234253,0.0016028881072998047,gp
1309,13.117202520370483,0.00986337661743164,gp
1310,13.122987747192383,0.00386810302734375,gp
1311,13.12937593460083,0.002020120620727539,gp
1312,13.139618873596191,0.0022983551025390625,gp
1313,13.149260520935059,0.0019109249114990234,gp
1314,13.162476778030396,0.003351926803588867,gp
1315,13.169440746307373,0.002095460891723633,gp
1316,13.17917776107788,0.0018472671508789062,gp
1317,13.189294576644897,0.0019469261169433594,gp
1318,13.200727701187134,0.00341033935546875,gp
1319,13.209528923034668,0.002152681350708008,gp
1320,13.220382690429688,0.00305938720703125,gp
1321,13.229250431060791,0.00189971923828125,gp
1322,13.241976499557495,0.004398345947265625,gp
1323,13.249464988708496,0.0021049976348876953,gp
1324,13.259146690368652,0.001819610595703125,gp
1325,13.269593954086304,0.0022711753845214844,gp
1326,13.282507181167603,0.004994392395019531,gp
1327,13.290152072906494,0.002777099609375,gp
1328,13.298987627029419,0.0016438961029052734,gp
1329,13.310278415679932,0.0029184818267822266,gp
1330,13.3215012550354,0.003134012222290039,gp
1331,13.329941987991333,0.002550840377807617,gp
1332,13.339167833328247,0.0018014907836914062,gp
1333,13.349353075027466,0.0020148754119873047,gp
1334,13.36488151550293,0.0031824111938476562,gp
1335,13.369242668151855,0.001851797103881836,gp
1336,13.379162549972534,0.0018241405487060547,gp
1337,13.389951467514038,0.0026051998138427734,gp
1338,13.400955438613892,0.0035288333892822266,gp
1339,13.41095519065857,0.003155231475830078,gp
1340,13.4188973903656,0.0015323162078857422,gp
1341,13.430619955062866,0.0032968521118164062,gp
1342,13.443406343460083,0.006059885025024414,gp
1343,13.449799299240112,0.0017731189727783203,gp
1344,13.45932674407959,0.0020439624786376953,gp
1345,13.46933364868164,0.001924753189086914,gp
1346,13.478957891464233,0.0016262531280517578,gp
1347,13.492978811264038,0.0053882598876953125,gp
1348,13.50051999092102,0.0031478404998779297,gp
1349,13.509027004241943,0.001644134521484375,gp
1350,13.519054412841797,0.0017328262329101562,gp
1351,13.53502869606018,0.004159212112426758,gp
1352,13.538936853408813,0.001590728759765625,gp
1353,13.549890041351318,0.0025577545166015625,gp
1355,13.569667339324951,0.002014636993408203,gp
1356,13.578869819641113,0.0015408992767333984,gp
1357,13.589415311813354,0.0020508766174316406,gp
1358,13.598932027816772,0.0015933513641357422,gp
1359,13.609881162643433,0.002367734909057617,gp
1360,13.621069192886353,0.003692150115966797,gp
1361,13.629708766937256,0.0016632080078125,gp
1362,13.646559476852417,0.0092315673828125,gp
1363,13.649449586868286,0.0019021034240722656,gp
1364,13.659534692764282,0.0021262168884277344,gp
1365,13.66883897781372,0.0015032291412353516,gp
1366,13.686103105545044,0.008779525756835938,gp
1367,13.690356254577637,0.0028219223022460938,gp
1368,13.698973655700684,0.001645803451538086,gp
1369,13.709521293640137,0.002195596694946289,gp
1370,13.725823163986206,0.008473634719848633,gp
1371,13.730313062667847,0.002379894256591797,gp
1372,13.739245414733887,0.0019297599792480469,gp
1373,13.749679327011108,0.0023212432861328125,gp
1374,13.758899211883545,0.0015277862548828125,gp
1375,13.769246339797974,0.00154876708984375,gp
1376,13.77968168258667,0.0023496150970458984,gp
