2,0.05072593688964844,0.0024492740631103516,gp
3,0.059676170349121094,0.0013396739959716797,gp
4,0.07108330726623535,0.0027031898498535156,gp
5,0.08037996292114258,0.001993894577026367,gp
6,0.09068751335144043,0.002329111099243164,gp
7,0.10138225555419922,0.002160787582397461,gp
8,0.11009716987609863,0.0017232894897460938,gp
9,0.11967945098876953,0.001340627670288086,gp
10,0.1310138702392578,0.0025930404663085938,gp
11,0.13996672630310059,0.001607656478881836,gp
12,0.15080499649047852,0.0024085044860839844,gp
13,0.16048288345336914,0.0021066665649414062,gp
14,0.17190170288085938,0.003344297409057617,gp
15,0.17992591857910156,0.0015099048614501953,gp
16,0.1904158592224121,0.002073049545288086,gp
17,0.20067262649536133,0.002282381057739258,gp
18,0.21051907539367676,0.0021347999572753906,gp
19,0.22002172470092773,0.0016646385192871094,gp
20,0.2310187816619873,0.0020897388458251953,gp
21,0.23981928825378418,0.0014216899871826172,gp
22,0.2505826950073242,0.0017862319946289062,gp
23,0.2597804069519043,0.001421213150024414,gp
24,0.27061033248901367,0.0022470951080322266,gp
25,0.280611515045166,0.0022249221801757812,gp
26,0.2936856746673584,0.003340482711791992,gp
27,0.30026984214782715,0.0013551712036132812,gp
28,0.3098118305206299,0.0014777183532714844,gp
29,0.3207118511199951,0.002302408218383789,gp
30,0.334928035736084,0.006482601165771484,gp
31,0.3407773971557617,0.002385377883911133,gp
32,0.3500480651855469,0.0016498565673828125,gp
33,0.36081433296203613,0.002434968948364258,gp
34,0.37708592414855957,0.008718252182006836,gp
35,0.38085222244262695,0.0015976428985595703,gp
36,0.3906581401824951,0.002313852310180664,gp
37,0.4004056453704834,0.0019931793212890625,gp
38,0.4162633419036865,0.007795095443725586,gp
39,0.42069268226623535,0.002263784408569336,gp
40,0.43108034133911133,0.0026810169219970703,gp
41,0.43982577323913574,0.0014710426330566406,gp
42,0.4581027030944824,0.009759187698364258,gp
43,0.46322178840637207,0.0026259422302246094,gp
44,0.471606969833374,0.0031557083129882812,gp
45,0.47992444038391113,0.001531839370727539,gp
46,0.49060773849487305,0.0021712779998779297,gp
47,0.505333662033081,0.0027017593383789062,gp
48,0.5114684104919434,0.0030646324157714844,gp
49,0.5206596851348877,0.0022003650665283203,gp
50,0.5299985408782959,0.001566171646118164,gp
51,0.5478343963623047,0.005608558654785156,gp
52,0.5517597198486328,0.002508878707885742,gp
53,0.5597822666168213,0.0013964176177978516,gp
54,0.570836067199707,0.0024399757385253906,gp
55,0.5798051357269287,0.0014081001281738281,gp
56,0.5955438613891602,0.0020956993103027344,gp
57,0.5997152328491211,0.0013720989227294922,gp
58,0.6106107234954834,0.0022017955780029297,gp
59,0.6197640895843506,0.001399993896484375,gp
60,0.6319432258605957,0.0020284652709960938,gp
61,0.6405618190765381,0.002153158187866211,gp
62,0.6499752998352051,0.0015974044799804688,gp
63,0.6600239276885986,0.0016682147979736328,gp
64,0.6765809059143066,0.0034427642822265625,gp
65,0.6797778606414795,0.0014259815216064453,gp
66,0.6919589042663574,0.0028104782104492188,gp
67,0.699800968170166,0.0014393329620361328,gp
68,0.715045690536499,0.00407862663269043,gp
69,0.7198219299316406,0.001425027847290039,gp
70,0.7301473617553711,0.0017726421356201172,gp
71,0.7404842376708984,0.0020914077758789062,gp
72,0.7522227764129639,0.001963376998901367,gp
73,0.7618522644042969,0.003445148468017578,gp
74,0.7705206871032715,0.002104043960571289,gp
75,0.7800178527832031,0.0016665458679199219,gp
76,0.7922077178955078,0.002176523208618164,gp
77,0.8005902767181396,0.0022144317626953125,gp
78,0.8102633953094482,0.0018591880798339844,gp
79,0.8199305534362793,0.0015892982482910156,gp
80,0.8364617824554443,0.0030248165130615234,gp
81,0.8433136940002441,0.003390789031982422,gp
82,0.8503091335296631,0.00191497802734375,gp
83,0.8599534034729004,0.0015566349029541016,gp
84,0.8702948093414307,0.0019383430480957031,gp
85,0.8852677345275879,0.0028121471405029297,gp
86,0.892401933670044,0.0031280517578125,gp
87,0.8998382091522217,0.0014524459838867188,gp
88,0.9101734161376953,0.001798391342163086,gp
89,0.9209105968475342,0.002521038055419922,gp
90,0.9306485652923584,0.0021483898162841797,gp
91,0.9399521350860596,0.0015690326690673828,gp
92,0.95102858543396,0.002668142318725586,gp
93,0.9600763320922852,0.00167083740234375,gp
94,0.9719769954681396,0.003631591796875,gp
95,0.9798190593719482,0.0014226436614990234,gp
96,0.9907467365264893,0.0023534297943115234,gp
97,1.000107765197754,0.001756906509399414,gp
98,1.0127248764038086,0.0042896270751953125,gp
99,1.0205388069152832,0.002053976058959961,gp
100,1.0301315784454346,0.001741170883178711,gp
101,1.0399730205535889,0.0015947818756103516,gp
102,1.0531048774719238,0.00341796875,gp
103,1.0598881244659424,0.0014998912811279297,gp
104,1.0706708431243896,0.002328634262084961,gp
105,1.0799875259399414,0.0015757083892822266,gp
106,1.0918409824371338,0.003087282180786133,gp
107,1.1000173091888428,0.0016283988952636719,gp
108,1.1105446815490723,0.002190828323364258,gp
109,1.1218140125274658,0.0034265518188476562,gp
110,1.1314427852630615,0.0025055408477783203,gp
111,1.1406404972076416,0.0020825862884521484,gp
112,1.150115728378296,0.001737833023071289,gp
113,1.1601479053497314,0.0017511844635009766,gp
114,1.171330213546753,0.002984285354614258,gp
115,1.1817364692687988,0.0033538341522216797,gp
116,1.1907155513763428,0.002317667007446289,gp
117,1.1998906135559082,0.0015413761138916016,gp
118,1.212085247039795,0.003731966018676758,gp
119,1.220442295074463,0.0020737648010253906,gp
120,1.2304115295410156,0.002044677734375,gp
121,1.240570306777954,0.0021920204162597656,gp
122,1.254143238067627,0.0037169456481933594,gp
123,1.2601349353790283,0.0017549991607666016,gp
124,1.2706937789916992,0.002279520034790039,gp
125,1.2803833484649658,0.0020341873168945312,gp
126,1.2906420230865479,0.002275705337524414,gp
127,1.299912452697754,0.0015330314636230469,gp
128,1.310908317565918,0.0024862289428710938,gp
129,1.3218927383422852,0.0033283233642578125,gp
130,1.3312411308288574,0.002249479293823242,gp
131,1.3414733409881592,0.003011941909790039,gp
132,1.350142240524292,0.0017170906066894531,gp
133,1.3605842590332031,0.002119302749633789,gp
134,1.3725080490112305,0.004078388214111328,gp
135,1.3799638748168945,0.0015783309936523438,gp
136,1.3906569480895996,0.002307415008544922,gp
137,1.4004180431365967,0.0019767284393310547,gp
138,1.4123058319091797,0.0028841495513916016,gp
139,1.4199066162109375,0.0015306472778320312,gp
140,1.4312996864318848,0.0029451847076416016,gp
141,1.4408817291259766,0.0024633407592773438,gp
142,1.452254056930542,0.0020918846130371094,gp
143,1.4598004817962646,0.0014541149139404297,gp
144,1.4711365699768066,0.002727031707763672,gp
145,1.4806439876556396,0.002207517623901367,gp
146,1.4915227890014648,0.0031251907348632812,gp
147,1.5014779567718506,0.0030710697174072266,gp
148,1.5105085372924805,0.0021123886108398438,gp
149,1.5199108123779297,0.00152587890625,gp
150,1.5311505794525146,0.002770662307739258,gp
151,1.5405809879302979,0.0022034645080566406,gp
152,1.5500426292419434,0.0016531944274902344,gp
153,1.5602078437805176,0.0018477439880371094,gp
154,1.5716683864593506,0.002903461456298828,gp
155,1.581251859664917,0.002816438674926758,gp
156,1.5909185409545898,0.0025625228881835938,gp
157,1.6006577014923096,0.0022592544555664062,gp
158,1.6119484901428223,0.0033919811248779297,gp
159,1.620673656463623,0.0022585391998291016,gp
160,1.630671501159668,0.0022614002227783203,gp
161,1.6401667594909668,0.0018017292022705078,gp
162,1.651259422302246,0.0028374195098876953,gp
163,1.6600537300109863,0.0016460418701171875,gp
164,1.671487808227539,0.0030744075775146484,gp
165,1.6802716255187988,0.0018885135650634766,gp
166,1.691309928894043,0.0029168128967285156,gp
167,1.699986457824707,0.0016078948974609375,gp
168,1.7101430892944336,0.0017349720001220703,gp
169,1.7198467254638672,0.0014827251434326172,gp
170,1.7310009002685547,0.0026137828826904297,gp
171,1.7400002479553223,0.0015413761138916016,gp
172,1.7523622512817383,0.0039806365966796875,gp
173,1.7600493431091309,0.0016367435455322266,gp
174,1.7742228507995605,0.0054073333740234375,gp
175,1.7798840999603271,0.0014832019805908203,gp
176,1.78993558883667,0.0015981197357177734,gp
177,1.8001959323883057,0.0018510818481445312,gp
178,1.8117451667785645,0.0033278465270996094,gp
179,1.820371389389038,0.0020008087158203125,gp
180,1.830063819885254,0.0016787052154541016,gp
181,1.840289831161499,0.0019261837005615234,gp
182,1.850548267364502,0.0020775794982910156,gp
183,1.859903335571289,0.0015528202056884766,gp
184,1.8711068630218506,0.0027303695678710938,gp
185,1.8798747062683105,0.0014538764953613281,gp
186,1.8905932903289795,0.002257823944091797,gp
187,1.9002771377563477,0.001867532730102539,gp
188,1.91036057472229,0.001961231231689453,gp
189,1.920257329940796,0.0018677711486816406,gp
190,1.9306659698486328,0.002321481704711914,gp
191,1.9397380352020264,0.0013813972473144531,gp
192,1.9518911838531494,0.0034914016723632812,gp
193,1.9600841999053955,0.0016756057739257812,gp
194,1.9735321998596191,0.004039287567138672,gp
195,1.9813330173492432,0.002852916717529297,gp
196,1.9908115863800049,0.002437114715576172,gp
197,2.00757098197937,0.009171247482299805,gp
198,2.0121848583221436,0.0016336441040039062,gp
199,2.0198776721954346,0.0014786720275878906,gp
200,2.0322210788726807,0.003812551498413086,gp
201,2.041450023651123,0.003026247024536133,gp
202,2.051212787628174,0.0015027523040771484,gp
203,2.0603744983673096,0.0020248889923095703,gp
204,2.07010555267334,0.0017023086547851562,gp
205,2.08064866065979,0.0022644996643066406,gp
206,2.091975688934326,0.003604888916015625,gp
207,2.0999395847320557,0.0015654563903808594,gp
208,2.1102495193481445,0.0018415451049804688,gp
209,2.120588779449463,0.0021240711212158203,gp
210,2.133321762084961,0.004753589630126953,gp
211,2.1400110721588135,0.0015926361083984375,gp
212,2.1499099731445312,0.0015571117401123047,gp
213,2.160599946975708,0.0022101402282714844,gp
214,2.173307418823242,0.002660989761352539,gp
215,2.1799371242523193,0.001546621322631836,gp
216,2.190065622329712,0.001707315444946289,gp
217,2.2061400413513184,0.007777690887451172,gp
218,2.2108802795410156,0.0025010108947753906,gp
219,2.2216920852661133,0.0032188892364501953,gp
220,2.2302558422088623,0.0018405914306640625,gp
221,2.2478716373443604,0.009468555450439453,gp
222,2.252413034439087,0.0015230178833007812,gp
223,2.259690999984741,0.0013575553894042969,gp
224,2.2716779708862305,0.0033342838287353516,gp
225,2.279832363128662,0.0014345645904541016,gp
226,2.2918496131896973,0.0032439231872558594,gp
227,2.299825668334961,0.001485586166381836,gp
228,2.3113975524902344,0.00299072265625,gp
229,2.320286273956299,0.001867055892944336,gp
230,2.3310787677764893,0.0027222633361816406,gp
231,2.340604066848755,0.0021839141845703125,gp
232,2.3498761653900146,0.001462697982788086,gp
233,2.3601250648498535,0.0017440319061279297,gp
234,2.3734958171844482,0.0051310062408447266,gp
235,2.3799777030944824,0.0015728473663330078,gp
236,2.3909835815429688,0.0026116371154785156,gp
237,2.399965286254883,0.0014617443084716797,gp
238,2.410547971725464,0.002206563949584961,gp
239,2.420280933380127,0.0019252300262451172,gp
240,2.430849313735962,0.0025391578674316406,gp
241,2.4415953159332275,0.0031728744506835938,gp
242,2.4520905017852783,0.0029821395874023438,gp
243,2.460178852081299,0.001814126968383789,gp
244,2.471843719482422,0.003476381301879883,gp
245,2.4804954528808594,0.0021178722381591797,gp
246,2.4916727542877197,0.0032248497009277344,gp
247,2.499903917312622,0.0015342235565185547,gp
248,2.510188102722168,0.0018115043640136719,gp
249,2.5213065147399902,0.002933979034423828,gp
250,2.5346550941467285,0.00453495979309082,gp
251,2.541670799255371,0.002160787582397461,gp
252,2.5504863262176514,0.0021126270294189453,gp
253,2.560518503189087,0.0021092891693115234,gp
254,2.5707974433898926,0.0024306774139404297,gp
255,2.579998731613159,0.0016508102416992188,gp
256,2.5908851623535156,0.002474069595336914,gp
257,2.5998573303222656,0.0014410018920898438,gp
258,2.610677719116211,0.002342700958251953,gp
259,2.620364189147949,0.0019648075103759766,gp
260,2.6306650638580322,0.0022852420806884766,gp
261,2.6401944160461426,0.0018315315246582031,gp
262,2.6538736820220947,0.003384113311767578,gp
263,2.6607260704040527,0.0016810894012451172,gp
264,2.6699182987213135,0.0015671253204345703,gp
265,2.683047294616699,0.004626750946044922,gp
266,2.6953446865081787,0.006902933120727539,gp
267,2.7023558616638184,0.003918170928955078,gp
268,2.7108895778656006,0.0025091171264648438,gp
269,2.720083475112915,0.0017151832580566406,gp
270,2.736473560333252,0.008096456527709961,gp
271,2.7409579753875732,0.00232696533203125,gp
272,2.750553607940674,0.0021393299102783203,gp
273,2.7599518299102783,0.0015501976013183594,gp
274,2.7757036685943604,0.007360696792602539,gp
275,2.781897783279419,0.002459287643432617,gp
276,2.7908706665039062,0.0024619102478027344,gp
277,2.800448179244995,0.0020542144775390625,gp
278,2.815753698348999,0.00735163688659668,gp
279,2.820610284805298,0.0017223358154296875,gp
280,2.8304076194763184,0.0020530223846435547,gp
281,2.840204954147339,0.0017499923706054688,gp
282,2.8560445308685303,0.0076751708984375,gp
283,2.8602685928344727,0.0014770030975341797,gp
284,2.87022066116333,0.0018796920776367188,gp
285,2.8804006576538086,0.0020940303802490234,gp
286,2.8963780403137207,0.00796961784362793,gp
287,2.901318311691284,0.0021049976348876953,gp
288,2.9102697372436523,0.0018777847290039062,gp
289,2.920013666152954,0.0017039775848388672,gp
291,2.9419806003570557,0.002284526824951172,gp
292,2.951509952545166,0.002983570098876953,gp
293,2.9599947929382324,0.0015094280242919922,gp
294,2.976184844970703,0.007787466049194336,gp
295,2.9813437461853027,0.0022504329681396484,gp
296,2.991790533065796,0.003297567367553711,gp
297,2.9999170303344727,0.0015137195587158203,gp
298,3.016903877258301,0.008556842803955078,gp
299,3.021623134613037,0.002748250961303711,gp
300,3.0300710201263428,0.0016932487487792969,gp
301,3.040419816970825,0.0020186901092529297,gp
302,3.0568020343780518,0.008435964584350586,gp
303,3.061171054840088,0.0016148090362548828,gp
304,3.0700771808624268,0.0017294883728027344,gp
305,3.0818963050842285,0.003520965576171875,gp
306,3.0950398445129395,0.0066432952880859375,gp
307,3.100041389465332,0.001699686050415039,gp
308,3.1104841232299805,0.0020966529846191406,gp
309,3.12066650390625,0.0022792816162109375,gp
310,3.134183406829834,0.005786895751953125,gp
311,3.1398656368255615,0.0015213489532470703,gp
312,3.151543140411377,0.003125429153442383,gp
313,3.160688638687134,0.002270221710205078,gp
314,3.176117181777954,0.007708549499511719,gp
315,3.1808550357818604,0.0024857521057128906,gp
316,3.190204381942749,0.001802682876586914,gp
317,3.200301170349121,0.0019321441650390625,gp
318,3.2147393226623535,0.006346702575683594,gp
319,3.220876693725586,0.0025243759155273438,gp
320,3.231353521347046,0.002398967742919922,gp
321,3.240448236465454,0.002080202102661133,gp
322,3.2571284770965576,0.008736371994018555,gp
323,3.2621102333068848,0.003633737564086914,gp
324,3.270597219467163,0.0021402835845947266,gp
325,3.27995228767395,0.0015902519226074219,gp
326,3.2965877056121826,0.008202552795410156,gp
327,3.301100730895996,0.0015981197357177734,gp
328,3.310056686401367,0.0016846656799316406,gp
329,3.320420026779175,0.002069711685180664,gp
330,3.3359408378601074,0.0075321197509765625,gp
331,3.341644525527954,0.003203153610229492,gp
332,3.349977493286133,0.0015807151794433594,gp
333,3.360908269882202,0.002530336380004883,gp
335,3.3819336891174316,0.0016474723815917969,gp
336,3.390594959259033,0.0022377967834472656,gp
337,3.4002575874328613,0.0018534660339355469,gp
338,3.410499334335327,0.0021021366119384766,gp
339,3.425398111343384,0.003031015396118164,gp
340,3.4308292865753174,0.002453327178955078,gp
341,3.4402449131011963,0.0018749237060546875,gp
342,3.450237989425659,0.001889944076538086,gp
343,3.4675772190093994,0.005024909973144531,gp
344,3.4711251258850098,0.0026865005493164062,gp
345,3.4800713062286377,0.0017201900482177734,gp
346,3.4913105964660645,0.002870798110961914,gp
347,3.4998838901519775,0.0014791488647460938,gp
348,3.5133094787597656,0.0023250579833984375,gp
349,3.520623207092285,0.0022661685943603516,gp
350,3.5310511589050293,0.0026357173919677734,gp
351,3.5402121543884277,0.001844644546508789,gp
352,3.5550918579101562,0.003171205520629883,gp
353,3.5605859756469727,0.002218008041381836,gp
354,3.5698928833007812,0.0015499591827392578,gp
355,3.57978892326355,0.0014410018920898438,gp
356,3.5901169776916504,0.0017695426940917969,gp
357,3.6002635955810547,0.00164794921875,gp
358,3.6103367805480957,0.0019583702087402344,gp
359,3.6201999187469482,0.0018513202667236328,gp
360,3.631629705429077,0.003225088119506836,gp
361,3.640300750732422,0.0017886161804199219,gp
362,3.6499757766723633,0.0016176700592041016,gp
363,3.660342216491699,0.0019898414611816406,gp
364,3.671043634414673,0.0026056766510009766,gp
365,3.67984676361084,0.0014581680297851562,gp
366,3.6902379989624023,0.0018982887268066406,gp
367,3.700299024581909,0.0019235610961914062,gp
368,3.709925651550293,0.0015709400177001953,gp
369,3.7226908206939697,0.0029044151306152344,gp
370,3.7311999797821045,0.0027382373809814453,gp
371,3.7400755882263184,0.0016660690307617188,gp
372,3.7517073154449463,0.0032787322998046875,gp
373,3.762021780014038,0.003009796142578125,gp
374,3.770185947418213,0.0017507076263427734,gp
375,3.780294895172119,0.0018892288208007812,gp
376,3.7905337810516357,0.0021750926971435547,gp
377,3.8016459941864014,0.0022950172424316406,gp
378,3.810230016708374,0.0018875598907470703,gp
379,3.8204028606414795,0.002094268798828125,gp
380,3.830890417098999,0.002490520477294922,gp
381,3.8407115936279297,0.0016705989837646484,gp
382,3.8506155014038086,0.0022542476654052734,gp
383,3.860884666442871,0.002513408660888672,gp
384,3.8710129261016846,0.0026140213012695312,gp
385,3.882309675216675,0.0036079883575439453,gp
386,3.8903582096099854,0.0019805431365966797,gp
387,3.899977445602417,0.0015840530395507812,gp
388,3.910508155822754,0.0021512508392333984,gp
389,3.9216787815093994,0.0027294158935546875,gp
390,3.9307339191436768,0.0020873546600341797,gp
391,3.9398579597473145,0.001493692398071289,gp
392,3.950669527053833,0.0023131370544433594,gp
393,3.9646623134613037,0.0038242340087890625,gp
394,3.9707491397857666,0.0021390914916992188,gp
395,3.9802651405334473,0.0018584728240966797,gp
396,3.9907712936401367,0.0024132728576660156,gp
397,4.000292778015137,0.0018835067749023438,gp
398,4.010781288146973,0.0024373531341552734,gp
399,4.020195007324219,0.0018281936645507812,gp
400,4.030459403991699,0.002071380615234375,gp
401,4.040221452713013,0.0018682479858398438,gp
402,4.053123950958252,0.0024569034576416016,gp
403,4.060312509536743,0.001954793930053711,gp
404,4.070099353790283,0.0017344951629638672,gp
405,4.080435752868652,0.0020875930786132812,gp
406,4.091320753097534,0.002937793731689453,gp
407,4.100375175476074,0.001988649368286133,gp
408,4.110212802886963,0.0017845630645751953,gp
409,4.1203413009643555,0.0019462108612060547,gp
410,4.130933523178101,0.0025894641876220703,gp
411,4.141233921051025,0.0028083324432373047,gp
412,4.150570631027222,0.0022063255310058594,gp
413,4.16062068939209,0.0022559165954589844,gp
414,4.170821666717529,0.0020668506622314453,gp
415,4.180631160736084,0.0022203922271728516,gp
416,4.190555572509766,0.0022127628326416016,gp
417,4.200496435165405,0.002146482467651367,gp
418,4.211859941482544,0.0028765201568603516,gp
419,4.219796657562256,0.0014548301696777344,gp
420,4.229922533035278,0.001592874526977539,gp
421,4.240574836730957,0.002138376235961914,gp
422,4.251086235046387,0.0025758743286132812,gp
423,4.260072946548462,0.001706838607788086,gp
424,4.270588159561157,0.0021631717681884766,gp
425,4.281854867935181,0.003474712371826172,gp
426,4.29210352897644,0.003732919692993164,gp
427,4.300184726715088,0.0017993450164794922,gp
428,4.310299396514893,0.001953125,gp
429,4.319999933242798,0.0015716552734375,gp
430,4.332540512084961,0.003330230712890625,gp
431,4.339807033538818,0.0014660358428955078,gp
432,4.351407527923584,0.002935647964477539,gp
433,4.359852075576782,0.0015015602111816406,gp
434,4.370862722396851,0.0025033950805664062,gp
435,4.381185054779053,0.0028314590454101562,gp
436,4.39013934135437,0.0016977787017822266,gp
437,4.40069580078125,0.0023336410522460938,gp
438,4.4102771282196045,0.001890420913696289,gp
439,4.420161485671997,0.00180816650390625,gp
440,4.4305408000946045,0.0021839141845703125,gp
441,4.440586805343628,0.002230405807495117,gp
442,4.454935312271118,0.006641387939453125,gp
443,4.461298704147339,0.0027871131896972656,gp
444,4.470285177230835,0.0019071102142333984,gp
445,4.480199098587036,0.0018496513366699219,gp
446,4.498126983642578,0.009737491607666016,gp
447,4.502132415771484,0.0024979114532470703,gp
448,4.510202884674072,0.0018172264099121094,gp
449,4.519906997680664,0.0015769004821777344,gp
450,4.531073093414307,0.002646207809448242,gp
451,4.548290491104126,0.005105495452880859,gp
452,4.551095485687256,0.002557516098022461,gp
453,4.560276746749878,0.0018551349639892578,gp
454,4.570462942123413,0.0021140575408935547,gp
455,4.585769891738892,0.002772092819213867,gp
456,4.5906126499176025,0.002266407012939453,gp
457,4.599884271621704,0.001506805419921875,gp
458,4.610978364944458,0.0026237964630126953,gp
459,4.627347946166992,0.003145933151245117,gp
460,4.630630016326904,0.0016531944274902344,gp
461,4.64002799987793,0.001691579818725586,gp
462,4.6519691944122314,0.003510713577270508,gp
463,4.66350245475769,0.002560138702392578,gp
464,4.670008182525635,0.0016651153564453125,gp
465,4.680374383926392,0.0020294189453125,gp
466,4.690050840377808,0.0016469955444335938,gp
467,4.707894802093506,0.004377841949462891,gp
468,4.710364580154419,0.0017020702362060547,gp
469,4.7201128005981445,0.0018243789672851562,gp
470,4.729961395263672,0.0015850067138671875,gp
471,4.74387526512146,0.0023679733276367188,gp
472,4.75023627281189,0.0018973350524902344,gp
473,4.759910821914673,0.0015659332275390625,gp
474,4.771272420883179,0.002877950668334961,gp
475,4.786453723907471,0.0029549598693847656,gp
476,4.7906718254089355,0.00231170654296875,gp
477,4.799968481063843,0.0015857219696044922,gp
478,4.810551404953003,0.002215862274169922,gp
479,4.8281474113464355,0.0046269893646240234,gp
480,4.831415414810181,0.0023047924041748047,gp
481,4.840190172195435,0.0018472671508789062,gp
482,4.850289821624756,0.0019538402557373047,gp
483,4.864192008972168,0.002053499221801758,gp
484,4.870438575744629,0.0020754337310791016,gp
485,4.88017463684082,0.0017616748809814453,gp
486,4.890222787857056,0.0018465518951416016,gp
487,4.904892683029175,0.0026619434356689453,gp
488,4.910448312759399,0.0021054744720458984,gp
489,4.922012567520142,0.003589630126953125,gp
490,4.93074893951416,0.0023696422576904297,gp
491,4.944923162460327,0.0028352737426757812,gp
492,4.950439214706421,0.002077817916870117,gp
493,4.959939956665039,0.0015676021575927734,gp
494,4.970243692398071,0.0018994808197021484,gp
495,4.985554456710815,0.002082347869873047,gp
496,4.989985704421997,0.0016481876373291016,gp
497,5.000019550323486,0.0017256736755371094,gp
498,5.011256217956543,0.002862691879272461,gp
499,5.023627758026123,0.0024137496948242188,gp
500,5.0311970710754395,0.002844095230102539,gp
501,5.040756464004517,0.0023581981658935547,gp
502,5.050301551818848,0.001931905746459961,gp
503,5.067563772201538,0.00409388542175293,gp
504,5.071668386459351,0.003224611282348633,gp
505,5.080137491226196,0.001728057861328125,gp
506,5.09015417098999,0.001802206039428711,gp
507,5.105350971221924,0.0028944015502929688,gp
508,5.112144708633423,0.0036563873291015625,gp
509,5.119990110397339,0.0015981197357177734,gp
510,5.13152003288269,0.0031545162200927734,gp
512,5.150157690048218,0.0018267631530761719,gp
513,5.160129070281982,0.0017817020416259766,gp
514,5.169985771179199,0.0016810894012451172,gp
515,5.183856010437012,0.0029954910278320312,gp
516,5.190699100494385,0.0023398399353027344,gp
517,5.2000391483306885,0.0016460418701171875,gp
518,5.210099220275879,0.0017099380493164062,gp
519,5.226661443710327,0.0036156177520751953,gp
520,5.2315473556518555,0.0031859874725341797,gp
521,5.2399680614471436,0.001544952392578125,gp
522,5.250188589096069,0.0017807483673095703,gp
523,5.264257907867432,0.0024335384368896484,gp
524,5.270718574523926,0.0023632049560546875,gp
525,5.279933214187622,0.0015468597412109375,gp
526,5.29032039642334,0.0019686222076416016,gp
527,5.307985782623291,0.004479169845581055,gp
528,5.313012599945068,0.002222776412963867,gp
529,5.320017099380493,0.0016772747039794922,gp
530,5.331228971481323,0.002846240997314453,gp
531,5.3400022983551025,0.0015892982482910156,gp
532,5.353900671005249,0.0028023719787597656,gp
533,5.360246181488037,0.0018999576568603516,gp
534,5.370091199874878,0.0017032623291015625,gp
535,5.380228281021118,0.0018808841705322266,gp
536,5.396047353744507,0.0025267601013183594,gp
537,5.400831937789917,0.0014882087707519531,gp
538,5.411056995391846,0.002605438232421875,gp
539,5.420740842819214,0.0019965171813964844,gp
540,5.430426359176636,0.0020189285278320312,gp
541,5.44597864151001,0.005755901336669922,gp
542,5.450450897216797,0.002109527587890625,gp
543,5.46007513999939,0.0016613006591796875,gp
544,5.4700353145599365,0.0016903877258300781,gp
545,5.482447147369385,0.003489255905151367,gp
546,5.490560531616211,0.002034425735473633,gp
547,5.499992847442627,0.0016148090362548828,gp
548,5.510771036148071,0.0023567676544189453,gp
549,5.527669191360474,0.0032584667205810547,gp
550,5.53039813041687,0.001920461654663086,gp
551,5.539865016937256,0.001504659652709961,gp
552,5.550914764404297,0.0025472640991210938,gp
553,5.5628767013549805,0.0026831626892089844,gp
554,5.57001519203186,0.001664876937866211,gp
555,5.580161809921265,0.0018186569213867188,gp
556,5.5905702114105225,0.002173185348510742,gp
557,5.6036646366119385,0.004302024841308594,gp
558,5.611121654510498,0.002748727798461914,gp
559,5.619885206222534,0.0014891624450683594,gp
560,5.6312782764434814,0.002851247787475586,gp
561,5.641002655029297,0.002279043197631836,gp
562,5.65079140663147,0.0024063587188720703,gp
563,5.659993886947632,0.0015921592712402344,gp
564,5.670212507247925,0.0018732547760009766,gp
565,5.682346820831299,0.001985788345336914,gp
566,5.690754413604736,0.0019428730010986328,gp
567,5.700080394744873,0.0017435550689697266,gp
568,5.711018800735474,0.0026421546936035156,gp
569,5.722760438919067,0.002185344696044922,gp
570,5.7297985553741455,0.0014600753784179688,gp
571,5.740005731582642,0.0016553401947021484,gp
572,5.750006914138794,0.001617431640625,gp
573,5.760451078414917,0.0020830631256103516,gp
574,5.770229339599609,0.0018749237060546875,gp
575,5.780774354934692,0.0023615360260009766,gp
576,5.790334224700928,0.0019452571868896484,gp
577,5.807120323181152,0.005328655242919922,gp
578,5.81205677986145,0.0036764144897460938,gp
579,5.81986403465271,0.0014636516571044922,gp
580,5.830580949783325,0.002234935760498047,gp
581,5.842858552932739,0.004211902618408203,gp
582,5.852479696273804,0.001708984375,gp
583,5.859885931015015,0.0015399456024169922,gp
584,5.871053457260132,0.0026586055755615234,gp
585,5.881493091583252,0.0030286312103271484,gp
586,5.891632080078125,0.001986265182495117,gp
587,5.900318622589111,0.0019347667694091797,gp
588,5.910815954208374,0.0024118423461914062,gp
589,5.919984817504883,0.0015828609466552734,gp
590,5.933773517608643,0.0026650428771972656,gp
591,5.940206289291382,0.0018286705017089844,gp
592,5.950063467025757,0.0016787052154541016,gp
593,5.959908485412598,0.0015566349029541016,gp
594,5.978349685668945,0.003488302230834961,gp
595,5.982011556625366,0.00206756591796875,gp
596,5.990123987197876,0.0017473697662353516,gp
597,6.000779390335083,0.002320528030395508,gp
598,6.014456510543823,0.0028421878814697266,gp
599,6.020004987716675,0.001627206802368164,gp
600,6.03026270866394,0.001909494400024414,gp
601,6.040263414382935,0.0018992424011230469,gp
602,6.052994251251221,0.0025415420532226562,gp
603,6.060191869735718,0.0018432140350341797,gp
604,6.070924758911133,0.0025277137756347656,gp
605,6.080890893936157,0.002401113510131836,gp
606,6.094377517700195,0.003414630889892578,gp
607,6.1003334522247314,0.0019643306732177734,gp
608,6.111746072769165,0.0033864974975585938,gp
609,6.120032072067261,0.0016269683837890625,gp
610,6.133808612823486,0.0035851001739501953,gp
611,6.140076637268066,0.0017137527465820312,gp
612,6.150374412536621,0.001978635787963867,gp
613,6.160326242446899,0.0019659996032714844,gp
614,6.174810409545898,0.0030231475830078125,gp
615,6.181334733963013,0.0028297901153564453,gp
616,6.190232515335083,0.0018589496612548828,gp
617,6.200930118560791,0.0024666786193847656,gp
618,6.215396881103516,0.0033409595489501953,gp
619,6.2198309898376465,0.0014536380767822266,gp
620,6.230271100997925,0.001888275146484375,gp
621,6.240453243255615,0.002094268798828125,gp
622,6.256438493728638,0.0038836002349853516,gp
623,6.2604660987854,0.0017428398132324219,gp
624,6.270615816116333,0.0022497177124023438,gp
625,6.281498670578003,0.0031168460845947266,gp
626,6.292319297790527,0.002252817153930664,gp
627,6.299997329711914,0.0016260147094726562,gp
628,6.3113603591918945,0.002996683120727539,gp
629,6.320148229598999,0.0017685890197753906,gp
630,6.331498384475708,0.0025866031646728516,gp
631,6.339906215667725,0.0015747547149658203,gp
632,6.351104974746704,0.0026657581329345703,gp
633,6.36046028137207,0.002048492431640625,gp
634,6.377058267593384,0.0053997039794921875,gp
635,6.3802571296691895,0.0018804073333740234,gp
636,6.390918016433716,0.002538919448852539,gp
637,6.399941921234131,0.001581430435180664,gp
638,6.414727210998535,0.0034761428833007812,gp
639,6.421145915985107,0.0026183128356933594,gp
640,6.430644750595093,0.002228975296020508,gp
641,6.440664768218994,0.002260923385620117,gp
642,6.454747200012207,0.002911090850830078,gp
643,6.459877014160156,0.0015218257904052734,gp
644,6.47082257270813,0.0024132728576660156,gp
645,6.480545997619629,0.002172708511352539,gp
646,6.494310617446899,0.002319812774658203,gp
647,6.4999306201934814,0.0015888214111328125,gp
648,6.510679721832275,0.002306222915649414,gp
649,6.520277261734009,0.0019030570983886719,gp
650,6.535032749176025,0.002537965774536133,gp
651,6.542112827301025,0.00376129150390625,gp
652,6.550543308258057,0.0021140575408935547,gp
653,6.560279846191406,0.0018928050994873047,gp
654,6.571944952011108,0.002031564712524414,gp
655,6.5800535678863525,0.0017020702362060547,gp
656,6.591463327407837,0.0030879974365234375,gp
657,6.600167751312256,0.001783132553100586,gp
658,6.614198684692383,0.003693103790283203,gp
659,6.620363473892212,0.001940011978149414,gp
660,6.630992889404297,0.002630472183227539,gp
661,6.641564846038818,0.0031042098999023438,gp
662,6.651983022689819,0.002409219741821289,gp
663,6.660018682479858,0.0016624927520751953,gp
664,6.67031717300415,0.001972675323486328,gp
665,6.680434942245483,0.0020189285278320312,gp
666,6.692378997802734,0.002115964889526367,gp
667,6.700307130813599,0.0019431114196777344,gp
668,6.710044860839844,0.0016498565673828125,gp
669,6.720221996307373,0.0018460750579833984,gp
670,6.7380664348602295,0.004597663879394531,gp
671,6.7434797286987305,0.003697633743286133,gp
672,6.750013828277588,0.0016405582427978516,gp
673,6.760120630264282,0.00177001953125,gp
674,6.771046876907349,0.0026276111602783203,gp
675,6.783675909042358,0.002084970474243164,gp
676,6.790400266647339,0.0020475387573242188,gp
677,6.8009092807769775,0.002479076385498047,gp
678,6.810126066207886,0.001722574234008789,gp
679,6.825155258178711,0.0022563934326171875,gp
680,6.829879522323608,0.0015268325805664062,gp
681,6.840448379516602,0.0020885467529296875,gp
682,6.851386070251465,0.0029141902923583984,gp
683,6.864368915557861,0.0025146007537841797,gp
684,6.870404243469238,0.0020399093627929688,gp
685,6.882011651992798,0.003509521484375,gp
686,6.890091419219971,0.001710653305053711,gp
688,6.910623788833618,0.0020761489868164062,gp
689,6.920303583145142,0.00180816650390625,gp
690,6.931037187576294,0.002675771713256836,gp
692,6.951762676239014,0.0024890899658203125,gp
693,6.959872722625732,0.001523733139038086,gp
694,6.972782135009766,0.0043904781341552734,gp
695,6.986636161804199,0.0028684139251708984,gp
696,6.990060329437256,0.0017201900482177734,gp
697,7.000773668289185,0.002276897430419922,gp
698,7.010441064834595,0.0020933151245117188,gp
699,7.028110980987549,0.005063772201538086,gp
700,7.031210899353027,0.0020842552185058594,gp
701,7.040223598480225,0.0018155574798583984,gp
702,7.049885511398315,0.0015060901641845703,gp
703,7.06669020652771,0.0032346248626708984,gp
704,7.071000337600708,0.002278566360473633,gp
705,7.080425024032593,0.002046346664428711,gp
706,7.090809345245361,0.0024428367614746094,gp
707,7.100075960159302,0.00164031982421875,gp
708,7.111780166625977,0.0029113292694091797,gp
709,7.120091438293457,0.0017240047454833984,gp
710,7.130407810211182,0.002001047134399414,gp
711,7.139862060546875,0.0015101432800292969,gp
712,7.154937505722046,0.0035772323608398438,gp
713,7.160222053527832,0.0018420219421386719,gp
714,7.1701531410217285,0.0017516613006591797,gp
715,7.180262804031372,0.0018699169158935547,gp
716,7.194121360778809,0.003784656524658203,gp
717,7.199965238571167,0.0015540122985839844,gp
718,7.210493326187134,0.0021255016326904297,gp
719,7.22074031829834,0.002367734909057617,gp
720,7.232596158981323,0.0016050338745117188,gp
721,7.240058183670044,0.0017180442810058594,gp
722,7.250555753707886,0.0022115707397460938,gp
723,7.260672092437744,0.0022687911987304688,gp
724,7.272733211517334,0.0027594566345214844,gp
725,7.2802252769470215,0.0018155574798583984,gp
726,7.290467262268066,0.0020825862884521484,gp
727,7.299978017807007,0.0015988349914550781,gp
728,7.312252044677734,0.0026247501373291016,gp
729,7.320191144943237,0.001825571060180664,gp
730,7.3310253620147705,0.002609729766845703,gp
731,7.3398661613464355,0.0015196800231933594,gp
732,7.357196092605591,0.0037157535552978516,gp
733,7.361327886581421,0.0022859573364257812,gp
734,7.369982719421387,0.0016129016876220703,gp
735,7.380212068557739,0.0018663406372070312,gp
736,7.395978927612305,0.003688335418701172,gp
737,7.400008916854858,0.0016522407531738281,gp
738,7.4111011028289795,0.002718687057495117,gp
739,7.420317649841309,0.001920461654663086,gp
740,7.433480262756348,0.0026361942291259766,gp
741,7.440011262893677,0.0016658306121826172,gp
742,7.451046466827393,0.002662181854248047,gp
743,7.4600701332092285,0.001650094985961914,gp
744,7.4760353565216064,0.0041506290435791016,gp
745,7.480172395706177,0.0018031597137451172,gp
746,7.490122556686401,0.0017883777618408203,gp
747,7.501115560531616,0.0026237964630126953,gp
748,7.513296365737915,0.0030014514923095703,gp
749,7.5200536251068115,0.0016541481018066406,gp
750,7.53081750869751,0.002473592758178711,gp
751,7.541880369186401,0.0034444332122802734,gp
752,7.553593158721924,0.002355813980102539,gp
753,7.560059547424316,0.001682281494140625,gp
754,7.570549726486206,0.0021347999572753906,gp
755,7.580073356628418,0.00168609619140625,gp
756,7.596916913986206,0.004613399505615234,gp
757,7.600878477096558,0.0025262832641601562,gp
758,7.610182046890259,0.001764059066772461,gp
759,7.620265007019043,0.0019099712371826172,gp
760,7.637519121170044,0.005144596099853516,gp
761,7.641138315200806,0.0019392967224121094,gp
762,7.6501758098602295,0.0018134117126464844,gp
763,7.660832643508911,0.002463102340698242,gp
764,7.672050714492798,0.002223491668701172,gp
765,7.679983854293823,0.0016241073608398438,gp
766,7.6912147998809814,0.0028603076934814453,gp
767,7.70110297203064,0.0026519298553466797,gp
768,7.71350359916687,0.002569437026977539,gp
769,7.720136404037476,0.0017359256744384766,gp
770,7.7314772605896,0.0029535293579101562,gp
771,7.740164756774902,0.00177001953125,gp
772,7.752546787261963,0.0023763179779052734,gp
773,7.760431289672852,0.0020570755004882812,gp
774,7.769999742507935,0.0016107559204101562,gp
775,7.78048038482666,0.002128124237060547,gp
776,7.796088933944702,0.0032584667205810547,gp
777,7.8011205196380615,0.002725362777709961,gp
778,7.810340166091919,0.0019888877868652344,gp
779,7.820271015167236,0.0019142627716064453,gp
780,7.835119009017944,0.0024847984313964844,gp
781,7.839978933334351,0.0016396045684814453,gp
782,7.851755142211914,0.0033566951751708984,gp
783,7.861282110214233,0.002872943878173828,gp
784,7.874323606491089,0.0029718875885009766,gp
785,7.880091905593872,0.0017178058624267578,gp
786,7.891216278076172,0.002859830856323242,gp
787,7.900078773498535,0.0016529560089111328,gp
788,7.912908554077148,0.0026094913482666016,gp
789,7.920697927474976,0.0023300647735595703,gp
790,7.930377960205078,0.0019481182098388672,gp
791,7.9398064613342285,0.0014545917510986328,gp
792,7.955482721328735,0.004139900207519531,gp
793,7.9604856967926025,0.0021314620971679688,gp
794,7.9707207679748535,0.002329111099243164,gp
795,7.979932546615601,0.00153350830078125,gp
796,7.993014812469482,0.0034606456756591797,gp
797,8.000239372253418,0.0018575191497802734,gp
798,8.00999903678894,0.0016512870788574219,gp
799,8.021023273468018,0.002657651901245117,gp
800,8.033911228179932,0.002887248992919922,gp
801,8.040087461471558,0.001739501953125,gp
802,8.050998449325562,0.0025424957275390625,gp
803,8.060213804244995,0.0018444061279296875,gp
804,8.075378894805908,0.00276947021484375,gp
805,8.079972982406616,0.0016083717346191406,gp
806,8.091055154800415,0.0026068687438964844,gp
807,8.10036015510559,0.0019931793212890625,gp
808,8.115398406982422,0.003628253936767578,gp
809,8.12138819694519,0.0029239654541015625,gp
810,8.130208253860474,0.0018084049224853516,gp
811,8.142290115356445,0.003924131393432617,gp
812,8.154562950134277,0.0025742053985595703,gp
813,8.159971714019775,0.0016493797302246094,gp
814,8.170269966125488,0.001905202865600586,gp
815,8.180590391159058,0.00217437744140625,gp
816,8.194066286087036,0.0031974315643310547,gp
817,8.200160503387451,0.0017452239990234375,gp
818,8.210324764251709,0.0019724369049072266,gp
819,8.220011949539185,0.0016353130340576172,gp
820,8.234533786773682,0.004805326461791992,gp
821,8.24079704284668,0.0024280548095703125,gp
822,8.250386238098145,0.0019767284393310547,gp
823,8.259960412979126,0.0016088485717773438,gp
824,8.275300979614258,0.002767324447631836,gp
825,8.281211853027344,0.002856731414794922,gp
826,8.290782451629639,0.0023250579833984375,gp
827,8.300106287002563,0.0017325878143310547,gp
828,8.313916444778442,0.0023145675659179688,gp
829,8.31982159614563,0.0014834403991699219,gp
830,8.330733060836792,0.0023658275604248047,gp
831,8.341088056564331,0.0026586055755615234,gp
832,8.351423025131226,0.0024919509887695312,gp
833,8.359971046447754,0.0016231536865234375,gp
834,8.370129585266113,0.0017540454864501953,gp
835,8.380294561386108,0.0019156932830810547,gp
836,8.395020246505737,0.004584789276123047,gp
837,8.400351285934448,0.0019943714141845703,gp
838,8.41081976890564,0.0024306774139404297,gp
839,8.420606851577759,0.002258777618408203,gp
840,8.433414697647095,0.0029211044311523438,gp
841,8.440475463867188,0.00200653076171875,gp
842,8.450259447097778,0.0018780231475830078,gp
843,8.4604971408844,0.0020301342010498047,gp
844,8.473062753677368,0.0024979114532470703,gp
845,8.479997634887695,0.001617431640625,gp
846,8.490957498550415,0.002604961395263672,gp
847,8.50118899345398,0.002736330032348633,gp
848,8.512550115585327,0.0025186538696289062,gp
849,8.52107286453247,0.002669095993041992,gp
850,8.531771659851074,0.003354787826538086,gp
851,8.540383338928223,0.0019724369049072266,gp
852,8.553699731826782,0.0030994415283203125,gp
853,8.560196161270142,0.0018248558044433594,gp
854,8.570257663726807,0.001861572265625,gp
855,8.580458164215088,0.0021071434020996094,gp
856,8.596121072769165,0.004009246826171875,gp
857,8.600887060165405,0.0019326210021972656,gp
858,8.610024213790894,0.0016658306121826172,gp
859,8.621310234069824,0.002923250198364258,gp
860,8.635144233703613,0.0036029815673828125,gp
861,8.639803647994995,0.0014574527740478516,gp
862,8.651346445083618,0.0029268264770507812,gp
863,8.66149616241455,0.0030384063720703125,gp
864,8.67205023765564,0.0020830631256103516,gp
865,8.67998480796814,0.001598358154296875,gp
866,8.691011428833008,0.002649068832397461,gp
867,8.7010178565979,0.002593994140625,gp
868,8.711035966873169,0.0018954277038574219,gp
869,8.72069764137268,0.0023424625396728516,gp
870,8.731168746948242,0.0027446746826171875,gp
871,8.740149021148682,0.0017926692962646484,gp
872,8.756116390228271,0.004284381866455078,gp
873,8.760209083557129,0.0018572807312011719,gp
874,8.770211935043335,0.0018279552459716797,gp
875,8.781062364578247,0.0026810169219970703,gp
876,8.79595398902893,0.002893209457397461,gp
877,8.801149606704712,0.002738475799560547,gp
878,8.810036897659302,0.0016682147979736328,gp
879,8.820533037185669,0.002173900604248047,gp
880,8.832791566848755,0.0027589797973632812,gp
881,8.839895486831665,0.0015401840209960938,gp
882,8.851017951965332,0.002647876739501953,gp
883,8.860296487808228,0.0019078254699707031,gp
884,8.872170448303223,0.0024411678314208984,gp
885,8.880154848098755,0.0017733573913574219,gp
886,8.891295433044434,0.002917051315307617,gp
887,8.899909257888794,0.0015263557434082031,gp
888,8.912906169891357,0.0028095245361328125,gp
889,8.920915365219116,0.002535581588745117,gp
890,8.9305899143219,0.002185821533203125,gp
891,8.939913988113403,0.0015642642974853516,gp
892,8.954490423202515,0.002894878387451172,gp
893,8.960243463516235,0.0018987655639648438,gp
894,8.970094442367554,0.0017018318176269531,gp
895,8.980777740478516,0.0023643970489501953,gp
896,8.992463111877441,0.002031087875366211,gp
897,9.001410007476807,0.0030596256256103516,gp
898,9.010849475860596,0.002351522445678711,gp
899,9.020344257354736,0.0019953250885009766,gp
900,9.032619953155518,0.0022115707397460938,gp
901,9.040395498275757,0.0019686222076416016,gp
902,9.050468444824219,0.002131223678588867,gp
903,9.05996322631836,0.0015909671783447266,gp
904,9.07282567024231,0.0024433135986328125,gp
905,9.080249547958374,0.001875162124633789,gp
906,9.090126037597656,0.0017328262329101562,gp
907,9.100350379943848,0.001992940902709961,gp
908,9.114699363708496,0.002385854721069336,gp
909,9.120145320892334,0.0017969608306884766,gp
910,9.130213499069214,0.0018329620361328125,gp
911,9.140184879302979,0.0017840862274169922,gp
912,9.152568340301514,0.002473592758178711,gp
913,9.160151243209839,0.0018420219421386719,gp
914,9.1707124710083,0.0023279190063476562,gp
915,9.179999589920044,0.0016248226165771484,gp
916,9.194985628128052,0.003926753997802734,gp
917,9.201160907745361,0.002781391143798828,gp
918,9.211093664169312,0.0026793479919433594,gp
919,9.219956874847412,0.0016200542449951172,gp
920,9.233105182647705,0.0022945404052734375,gp
921,9.239873170852661,0.00151824951171875,gp
922,9.250195264816284,0.0018451213836669922,gp
923,9.26077651977539,0.0024187564849853516,gp
924,9.275932788848877,0.002621889114379883,gp
925,9.279844522476196,0.0015022754669189453,gp
926,9.290723323822021,0.0023450851440429688,gp
927,9.300640106201172,0.002269744873046875,gp
928,9.31410264968872,0.002720355987548828,gp
929,9.320915937423706,0.0025610923767089844,gp
930,9.33052921295166,0.002101898193359375,gp
931,9.340176343917847,0.0017733573913574219,gp
932,9.355686664581299,0.0034606456756591797,gp
933,9.360617876052856,0.002175569534301758,gp
934,9.371355056762695,0.002941608428955078,gp
935,9.380785942077637,0.0023407936096191406,gp
936,9.394457817077637,0.0021953582763671875,gp
937,9.400210857391357,0.001848459243774414,gp
938,9.410367727279663,0.0019707679748535156,gp
939,9.42135214805603,0.0029528141021728516,gp
940,9.433729410171509,0.002382040023803711,gp
941,9.44036054611206,0.0019106864929199219,gp
942,9.450241565704346,0.0018486976623535156,gp
943,9.461090087890625,0.002671957015991211,gp
944,9.475707769393921,0.0023894309997558594,gp
945,9.47986125946045,0.0015218257904052734,gp
946,9.490773677825928,0.0023577213287353516,gp
947,9.49997591972351,0.0015974044799804688,gp
948,9.514193773269653,0.0027115345001220703,gp
949,9.519688367843628,0.001374959945678711,gp
950,9.532519578933716,0.004105091094970703,gp
951,9.54050326347351,0.0020885467529296875,gp
952,9.551822900772095,0.0024094581604003906,gp
953,9.560200691223145,0.0017697811126708984,gp
954,9.570362567901611,0.001997709274291992,gp
955,9.580203771591187,0.0018498897552490234,gp
956,9.592962503433228,0.0021779537200927734,gp
957,9.599850177764893,0.0015101432800292969,gp
958,9.610507488250732,0.0021393299102783203,gp
959,9.621353387832642,0.0029022693634033203,gp
960,9.632700443267822,0.0021381378173828125,gp
961,9.639995336532593,0.0016477108001708984,gp
962,9.650304555892944,0.0018932819366455078,gp
963,9.659920692443848,0.001567840576171875,gp
964,9.675247430801392,0.0031151771545410156,gp
965,9.680339336395264,0.0019931793212890625,gp
966,9.690346717834473,0.0019404888153076172,gp
967,9.700225591659546,0.0018382072448730469,gp
968,9.715123176574707,0.0038008689880371094,gp
969,9.720840215682983,0.002175569534301758,gp
970,9.730039834976196,0.0016741752624511719,gp
971,9.740056991577148,0.0016932487487792969,gp
972,9.754687547683716,0.0025763511657714844,gp
973,9.760109186172485,0.0017478466033935547,gp
974,9.771629810333252,0.003261566162109375,gp
975,9.779897451400757,0.001500844955444336,gp
976,9.795257091522217,0.002881288528442383,gp
977,9.800153017044067,0.001790761947631836,gp
978,9.810801029205322,0.0024182796478271484,gp
979,9.820773363113403,0.0023636817932128906,gp
980,9.834466218948364,0.0033233165740966797,gp
981,9.842796564102173,0.004325151443481445,gp
982,9.85008192062378,0.0016107559204101562,gp
983,9.859872102737427,0.0015137195587158203,gp
984,9.874174118041992,0.0023162364959716797,gp
985,9.879903554916382,0.00153350830078125,gp
986,9.89009952545166,0.001703500747680664,gp
987,9.899992227554321,0.0016498565673828125,gp
988,9.913338422775269,0.002873659133911133,gp
989,9.92039966583252,0.0019812583923339844,gp
990,9.930082559585571,0.001735687255859375,gp
991,9.94005036354065,0.001668691635131836,gp
992,9.951926946640015,0.0017440319061279297,gp
993,9.960247039794922,0.001874685287475586,gp
994,9.970789670944214,0.002376556396484375,gp
995,9.980005979537964,0.001622915267944336,gp
996,9.994738817214966,0.0027256011962890625,gp
997,10.000353336334229,0.001928567886352539,gp
998,10.00988507270813,0.0014967918395996094,gp
999,10.020325899124146,0.001977205276489258,gp
1000,10.033831357955933,0.0025451183319091797,gp
1001,10.040097713470459,0.0017399787902832031,gp
1002,10.050553321838379,0.002161741256713867,gp
1003,10.062811613082886,0.004428863525390625,gp
1004,10.075018882751465,0.0023903846740722656,gp
1005,10.079862594604492,0.0015234947204589844,gp
1006,10.091253519058228,0.002872943878173828,gp
1007,10.100547313690186,0.002148866653442383,gp
1008,10.111754655838013,0.00201416015625,gp
1009,10.119970321655273,0.0015833377838134766,gp
1010,10.131319761276245,0.0029528141021728516,gp
1011,10.140356063842773,0.0019512176513671875,gp
1012,10.153429746627808,0.0030357837677001953,gp
1013,10.160312175750732,0.0019545555114746094,gp
1014,10.17008924484253,0.0016965866088867188,gp
1015,10.18040132522583,0.0020465850830078125,gp
1016,10.195755243301392,0.004489421844482422,gp
1017,10.201109170913696,0.002691984176635742,gp
1018,10.210729360580444,0.0023500919342041016,gp
1019,10.220779657363892,0.002399444580078125,gp
1020,10.234707593917847,0.0028977394104003906,gp
1021,10.239837169647217,0.0014929771423339844,gp
1022,10.250779390335083,0.0023593902587890625,gp
1023,10.261863470077515,0.003485441207885742,gp
1024,10.270610809326172,0.0018160343170166016,gp
1025,10.280351400375366,0.001973390579223633,gp
1026,10.290952205657959,0.0025892257690429688,gp
1027,10.300162553787231,0.0017523765563964844,gp
1028,10.315075397491455,0.0033011436462402344,gp
1029,10.320157766342163,0.0017893314361572266,gp
1030,10.330624103546143,0.0022308826446533203,gp
1031,10.340338230133057,0.0019752979278564453,gp
1032,10.356402397155762,0.004587650299072266,gp
1033,10.360227584838867,0.0018565654754638672,gp
1034,10.370907068252563,0.002526521682739258,gp
1035,10.380382776260376,0.0020270347595214844,gp
1036,10.394673347473145,0.003576993942260742,gp
1037,10.40019178390503,0.0017650127410888672,gp
1038,10.410507678985596,0.002156496047973633,gp
1039,10.421574115753174,0.0031490325927734375,gp
1040,10.43413519859314,0.0022644996643066406,gp
1041,10.439980030059814,0.001628875732421875,gp
1042,10.451827764511108,0.0034172534942626953,gp
1043,10.46046495437622,0.002074003219604492,gp
1044,10.474815607070923,0.0029947757720947266,gp
1045,10.479891777038574,0.001539468765258789,gp
1046,10.490437507629395,0.002068758010864258,gp
1047,10.500054597854614,0.0016613006591796875,gp
1048,10.512898445129395,0.00238800048828125,gp
1049,10.520148277282715,0.0017857551574707031,gp
1050,10.530782699584961,0.0019686222076416016,gp
1051,10.539877891540527,0.0015287399291992188,gp
1052,10.553885221481323,0.0028007030487060547,gp
1053,10.560079097747803,0.0017211437225341797,gp
1054,10.570031881332397,0.001604318618774414,gp
1055,10.580392122268677,0.002005338668823242,gp
1056,10.595798254013062,0.0024161338806152344,gp
1057,10.6001558303833,0.0018157958984375,gp
1058,10.610785484313965,0.0023970603942871094,gp
1059,10.620748519897461,0.0023186206817626953,gp
1060,10.634661436080933,0.004851341247558594,gp
1061,10.642407655715942,0.003960847854614258,gp
1062,10.650908708572388,0.0024886131286621094,gp
1063,10.66112470626831,0.002714872360229492,gp
1064,10.673593521118164,0.0027313232421875,gp
1065,10.680575132369995,0.002161264419555664,gp
1066,10.690853118896484,0.0024852752685546875,gp
1067,10.700459957122803,0.002076387405395508,gp
1068,10.713184118270874,0.003073453903198242,gp
1069,10.719936609268188,0.0015718936920166016,gp
1070,10.731196165084839,0.0028085708618164062,gp
1071,10.740370035171509,0.0019915103912353516,gp
1072,10.753636598587036,0.0027179718017578125,gp
1073,10.760199308395386,0.00183868408203125,gp
1074,10.77039647102356,0.002080678939819336,gp
1075,10.781074285507202,0.002683401107788086,gp
1076,10.793076515197754,0.0027658939361572266,gp
1077,10.800398111343384,0.0020313262939453125,gp
1078,10.812156677246094,0.003768444061279297,gp
1079,10.820281744003296,0.0018296241760253906,gp
1080,10.833930015563965,0.004079580307006836,gp
1081,10.840110778808594,0.001710653305053711,gp
1082,10.850038528442383,0.0016567707061767578,gp
1083,10.86064624786377,0.0022890567779541016,gp
1084,10.875462055206299,0.001986980438232422,gp
1085,10.881110668182373,0.0026693344116210938,gp
1086,10.89002513885498,0.0016710758209228516,gp
1087,10.901439428329468,0.003055572509765625,gp
1088,10.917088270187378,0.004177570343017578,gp
1089,10.91991925239563,0.0015654563903808594,gp
1090,10.930755138397217,0.0024166107177734375,gp
1091,10.940147399902344,0.0017681121826171875,gp
1092,10.952190637588501,0.002219676971435547,gp
1093,10.960098266601562,0.0017490386962890625,gp
1094,10.971669912338257,0.003345489501953125,gp
1095,10.981074571609497,0.0026144981384277344,gp
1096,10.991315364837646,0.0017368793487548828,gp
1097,11.00003957748413,0.0016622543334960938,gp
1098,11.01032829284668,0.001982450485229492,gp
1099,11.022485494613647,0.0040302276611328125,gp
1100,11.035361289978027,0.003474712371826172,gp
1101,11.039861679077148,0.0015115737915039062,gp
1102,11.050199270248413,0.001817941665649414,gp
1103,11.060180425643921,0.0017910003662109375,gp
1104,11.075584650039673,0.0055272579193115234,gp
1105,11.07995891571045,0.0016105175018310547,gp
1106,11.091181993484497,0.002774953842163086,gp
1107,11.099929094314575,0.0015063285827636719,gp
1108,11.112185716629028,0.0025587081909179688,gp
1109,11.121017694473267,0.002602815628051758,gp
1110,11.131014585494995,0.0025980472564697266,gp
1111,11.140915870666504,0.0024917125701904297,gp
1112,11.151881694793701,0.0021414756774902344,gp
1113,11.161062955856323,0.002664327621459961,gp
1114,11.169966697692871,0.001580953598022461,gp
1115,11.180436611175537,0.002088308334350586,gp
1116,11.196580648422241,0.0030815601348876953,gp
1117,11.200886487960815,0.001535654067993164,gp
1118,11.211158990859985,0.002745389938354492,gp
1119,11.220085144042969,0.001680612564086914,gp
1120,11.230447053909302,0.002058744430541992,gp
1121,11.241339921951294,0.002762317657470703,gp
1122,11.251781940460205,0.0033457279205322266,gp
1123,11.260226488113403,0.0018301010131835938,gp
1124,11.270774841308594,0.002415895462036133,gp
1125,11.282968044281006,0.003332853317260742,gp
1126,11.290278911590576,0.001857757568359375,gp
1127,11.299846410751343,0.0015094280242919922,gp
1128,11.310413122177124,0.002053499221801758,gp
1129,11.320598840713501,0.0016009807586669922,gp
1130,11.330000162124634,0.0016613006591796875,gp
1131,11.340352773666382,0.0019297599792480469,gp
1132,11.349990367889404,0.0015888214111328125,gp
1133,11.365009307861328,0.0038356781005859375,gp
1134,11.36995792388916,0.0015978813171386719,gp
1135,11.380155801773071,0.0017707347869873047,gp
1136,11.392229318618774,0.0038788318634033203,gp
1137,11.4068763256073,0.0057849884033203125,gp
1138,11.411579847335815,0.003155231475830078,gp
1139,11.420037269592285,0.0016727447509765625,gp
1140,11.430458545684814,0.0021169185638427734,gp
1141,11.440819263458252,0.0024385452270507812,gp
1142,11.455801725387573,0.003374338150024414,gp
1143,11.459966897964478,0.0016162395477294922,gp
1144,11.47031831741333,0.001931905746459961,gp
1145,11.480132341384888,0.0017673969268798828,gp
1146,11.491338968276978,0.0023169517517089844,gp
1147,11.50019907951355,0.0018122196197509766,gp
1148,11.51044249534607,0.0020592212677001953,gp
1149,11.5199613571167,0.0015802383422851562,gp
1150,11.535779237747192,0.0039038658142089844,gp
1151,11.541478157043457,0.003092050552368164,gp
1152,11.550132036209106,0.0017421245574951172,gp
1153,11.559832334518433,0.001491546630859375,gp
1154,11.57598066329956,0.004086732864379883,gp
1155,11.580246448516846,0.0018684864044189453,gp
1156,11.590045690536499,0.0016937255859375,gp
1157,11.600542783737183,0.0021538734436035156,gp
1158,11.615806102752686,0.002905607223510742,gp
1159,11.619865894317627,0.0015044212341308594,gp
1160,11.631819009780884,0.0034134387969970703,gp
1161,11.640748262405396,0.0023622512817382812,gp
1162,11.654827356338501,0.0033659934997558594,gp
1163,11.660306215286255,0.0019690990447998047,gp
1164,11.671134948730469,0.002752065658569336,gp
1165,11.680445194244385,0.0019466876983642578,gp
1166,11.692509889602661,0.0036346912384033203,gp
1167,11.702136754989624,0.003742694854736328,gp
1168,11.710370779037476,0.0019834041595458984,gp
1169,11.7200288772583,0.0016455650329589844,gp
1170,11.733088731765747,0.003899812698364258,gp
1171,11.740430116653442,0.0020177364349365234,gp
1172,11.750105142593384,0.001703500747680664,gp
1173,11.760605573654175,0.002238035202026367,gp
1174,11.775192260742188,0.003206014633178711,gp
1175,11.782208442687988,0.0037360191345214844,gp
1176,11.79026198387146,0.0018842220306396484,gp
1177,11.80031681060791,0.0019414424896240234,gp
1178,11.813831567764282,0.002299070358276367,gp
1179,11.820871591567993,0.0024421215057373047,gp
1180,11.83046579360962,0.0020797252655029297,gp
1181,11.84053373336792,0.002117633819580078,gp
1182,11.856239795684814,0.005075931549072266,gp
1183,11.860411882400513,0.001627206802368164,gp
1184,11.870951890945435,0.002651214599609375,gp
1185,11.880066871643066,0.0016772747039794922,gp
1186,11.896753549575806,0.0027108192443847656,gp
1187,11.900176525115967,0.0018279552459716797,gp
1188,11.910319089889526,0.0019876956939697266,gp
1189,11.921653985977173,0.0032219886779785156,gp
1190,11.93262004852295,0.002095937728881836,gp
1191,11.939990282058716,0.0016210079193115234,gp
1192,11.95133662223816,0.002853870391845703,gp
1193,11.960894346237183,0.002398967742919922,gp
1194,11.973670244216919,0.0032651424407958984,gp
1195,11.979944467544556,0.0015811920166015625,gp
1196,11.9902024269104,0.0017998218536376953,gp
1197,12.001547813415527,0.0030965805053710938,gp
1198,12.015974283218384,0.0051250457763671875,gp
1199,12.021125555038452,0.0026819705963134766,gp
1200,12.03009033203125,0.0017023086547851562,gp
1201,12.040446519851685,0.0020737648010253906,gp
1202,12.055339336395264,0.004561901092529297,gp
1203,12.059921264648438,0.001554250717163086,gp
1204,12.070222616195679,0.0018775463104248047,gp
1205,12.080160140991211,0.0017647743225097656,gp
1206,12.091890811920166,0.002285480499267578,gp
1207,12.10028076171875,0.0018668174743652344,gp
1208,12.110217332839966,0.0018651485443115234,gp
1209,12.119835376739502,0.0014758110046386719,gp
1210,12.131316900253296,0.0027158260345458984,gp
1211,12.141212940216064,0.0028493404388427734,gp
1212,12.15017032623291,0.0017421245574951172,gp
1213,12.161771774291992,0.003292560577392578,gp
1214,12.172298192977905,0.001634836196899414,gp
1215,12.180267572402954,0.0018737316131591797,gp
1216,12.19035291671753,0.002004861831665039,gp
1217,12.200532674789429,0.0021517276763916016,gp
1218,12.218392133712769,0.004349231719970703,gp
1219,12.221057415008545,0.001683950424194336,gp
1220,12.230027437210083,0.001689910888671875,gp
1221,12.241210222244263,0.002657651901245117,gp
1222,12.25498366355896,0.004609823226928711,gp
1223,12.260063886642456,0.001668691635131836,gp
1224,12.2705717086792,0.002221822738647461,gp
1225,12.280534982681274,0.002146482467651367,gp
1226,12.294438123703003,0.0034456253051757812,gp
1227,12.301106452941895,0.0027480125427246094,gp
1228,12.310997486114502,0.0026018619537353516,gp
1229,12.320092678070068,0.0017330646514892578,gp
1230,12.334522485733032,0.0037403106689453125,gp
1231,12.341538667678833,0.003101825714111328,gp
1232,12.35105299949646,0.0026197433471679688,gp
1233,12.361337900161743,0.002892017364501953,gp
1234,12.372121095657349,0.002265453338623047,gp
1235,12.3800368309021,0.0016634464263916016,gp
1236,12.39042615890503,0.002075672149658203,gp
1237,12.400039911270142,0.0016798973083496094,gp
1238,12.412444591522217,0.002216339111328125,gp
1239,12.42012357711792,0.001789093017578125,gp
1240,12.432070016860962,0.003706693649291992,gp
1241,12.440272569656372,0.0018208026885986328,gp
1242,12.453141689300537,0.0026655197143554688,gp
1243,12.46071720123291,0.0023059844970703125,gp
1244,12.470720767974854,0.0023040771484375,gp
1245,12.480177164077759,0.0017857551574707031,gp
1246,12.495616674423218,0.0034410953521728516,gp
1247,12.502137899398804,0.0037086009979248047,gp
1248,12.510174989700317,0.0017635822296142578,gp
1249,12.520362854003906,0.002004384994506836,gp
1250,12.534876108169556,0.00328826904296875,gp
1251,12.54003119468689,0.001653432846069336,gp
1252,12.55045747756958,0.002045869827270508,gp
1253,12.560767889022827,0.0023763179779052734,gp
1254,12.571560621261597,0.0021076202392578125,gp
1255,12.580023050308228,0.0016252994537353516,gp
1256,12.590375185012817,0.0019958019256591797,gp
1257,12.600316524505615,0.0019125938415527344,gp
1258,12.613302946090698,0.0028972625732421875,gp
1259,12.620200395584106,0.001844644546508789,gp
1260,12.631334781646729,0.002657175064086914,gp
1261,12.640049934387207,0.0016727447509765625,gp
1262,12.6555757522583,0.003204822540283203,gp
1263,12.661359786987305,0.0030031204223632812,gp
1264,12.670171976089478,0.0017528533935546875,gp
1265,12.680469512939453,0.002079010009765625,gp
1266,12.694982528686523,0.0037021636962890625,gp
1267,12.700366258621216,0.0019333362579345703,gp
1268,12.709951162338257,0.001607656478881836,gp
1269,12.722985744476318,0.00461125373840332,gp
1270,12.734968185424805,0.002796173095703125,gp
1271,12.740171909332275,0.0018165111541748047,gp
1272,12.751561880111694,0.0031533241271972656,gp
1273,12.76136565208435,0.002941131591796875,gp
1274,12.771525382995605,0.002137422561645508,gp
1275,12.780091047286987,0.0017087459564208984,gp
1276,12.790839195251465,0.002454519271850586,gp
1277,12.7999849319458,0.0016109943389892578,gp
1278,12.813052892684937,0.003006458282470703,gp
1279,12.821500062942505,0.0031197071075439453,gp
1280,12.830858945846558,0.002444744110107422,gp
1281,12.83994460105896,0.0015850067138671875,gp
1282,12.855583429336548,0.004115104675292969,gp
1283,12.860314846038818,0.001969575881958008,gp
1284,12.870556354522705,0.002157926559448242,gp
1285,12.880425930023193,0.0020194053649902344,gp
1286,12.896783113479614,0.004616975784301758,gp
1287,12.90031123161316,0.0018415451049804688,gp
1288,12.910079956054688,0.0017368793487548828,gp
1289,12.922844171524048,0.004445075988769531,gp
1290,12.935171365737915,0.0033636093139648438,gp
1291,12.939858436584473,0.0015125274658203125,gp
1292,12.950717687606812,0.0023038387298583984,gp
1293,12.960740089416504,0.0023665428161621094,gp
1294,12.978239297866821,0.004759073257446289,gp
1295,12.980075120925903,0.0015799999237060547,gp
1296,12.99008584022522,0.0017473697662353516,gp
1297,13.000562906265259,0.0022068023681640625,gp
1298,13.012480020523071,0.002181529998779297,gp
1299,13.02005648612976,0.0016644001007080078,gp
1300,13.031747817993164,0.003378629684448242,gp
1301,13.041429042816162,0.002978801727294922,gp
1302,13.052516460418701,0.002258777618408203,gp
1303,13.06006383895874,0.0016112327575683594,gp
1304,13.07063603401184,0.0022835731506347656,gp
1305,13.08043098449707,0.0020558834075927734,gp
1306,13.0952889919281,0.0029120445251464844,gp
1307,13.100762844085693,0.002400636672973633,gp
1308,13.1102774143219,0.0018672943115234375,gp
1309,13.119929313659668,0.0015821456909179688,gp
1310,13.135729312896729,0.0038809776306152344,gp
1311,13.140063047409058,0.0016984939575195312,gp
1312,13.150657415390015,0.0022840499877929688,gp
1313,13.159760236740112,0.00140380859375,gp
1314,13.174785375595093,0.002569913864135742,gp
1315,13.179898262023926,0.001550436019897461,gp
1316,13.190490007400513,0.002107858657836914,gp
1317,13.202132225036621,0.0036852359771728516,gp
1318,13.21310806274414,0.002121448516845703,gp
1319,13.219843864440918,0.0015065670013427734,gp
1320,13.231580018997192,0.0031404495239257812,gp
1321,13.240233659744263,0.001832723617553711,gp
1322,13.254479169845581,0.0036029815673828125,gp
1323,13.260731935501099,0.0023584365844726562,gp
1324,13.270866870880127,0.0024166107177734375,gp
1325,13.280413627624512,0.0020036697387695312,gp
1326,13.29486346244812,0.0038352012634277344,gp
1327,13.300808429718018,0.002438068389892578,gp
1328,13.310334205627441,0.0019290447235107422,gp
1329,13.320690393447876,0.0022728443145751953,gp
1330,13.33540391921997,0.0038270950317382812,gp
1331,13.33998417854309,0.0015892982482910156,gp
1332,13.350840330123901,0.0025000572204589844,gp
1333,13.36035966873169,0.001999378204345703,gp
1334,13.374108791351318,0.0024025440216064453,gp
1335,13.379767656326294,0.001415252685546875,gp
1336,13.390936851501465,0.002562284469604492,gp
1337,13.39989948272705,0.0015101432800292969,gp
1338,13.412755727767944,0.002686023712158203,gp
1339,13.421292543411255,0.0028607845306396484,gp
1340,13.430132627487183,0.0017344951629638672,gp
1341,13.440590620040894,0.0022246837615966797,gp
1342,13.456523656845093,0.004232883453369141,gp
1343,13.460167407989502,0.0017864704132080078,gp
1344,13.470462083816528,0.002153635025024414,gp
1345,13.480663537979126,0.0022954940795898438,gp
1346,13.494032144546509,0.003122568130493164,gp
1347,13.50040316581726,0.001964569091796875,gp
1348,13.512177467346191,0.003812551498413086,gp
1349,13.52007007598877,0.001646280288696289,gp
1350,13.532199621200562,0.0022988319396972656,gp
1351,13.540264368057251,0.0018839836120605469,gp
1352,13.551110029220581,0.002740144729614258,gp
1353,13.55995225906372,0.0015513896942138672,gp
1354,13.573018550872803,0.0028963088989257812,gp
1355,13.580203771591187,0.0018472671508789062,gp
1356,13.59015941619873,0.0017545223236083984,gp
1357,13.600284337997437,0.0018460750579833984,gp
1358,13.612455129623413,0.002908468246459961,gp
1359,13.621356964111328,0.002944469451904297,gp
1360,13.631429433822632,0.002971172332763672,gp
1361,13.639973163604736,0.0016007423400878906,gp
1362,13.657248973846436,0.003763437271118164,gp
1363,13.661677598953247,0.003182649612426758,gp
1364,13.669983386993408,0.0016245841979980469,gp
1365,13.680237770080566,0.001821279525756836,gp
1366,13.690319299697876,0.0019245147705078125,gp
1367,13.705166816711426,0.0019643306732177734,gp
1368,13.71010422706604,0.0017628669738769531,gp
1369,13.720680236816406,0.0023043155670166016,gp
1370,13.730574607849121,0.0021572113037109375,gp
1371,13.747724056243896,0.005601644515991211,gp
